timestamp,t_rel_s,pot_deg,as5600_deg
2026-09-03T18:07:05.338,0.133,0.0,304.1
2026-09-03T18:07:05.340,0.136,0.0,304.1
2026-09-03T18:07:05.541,0.337,360.0,304.1
2026-09-03T18:07:05.582,0.377,360.0,304.1
2026-09-03T18:07:05.817,0.613,360.0,304.1
2026-09-03T18:07:05.878,0.674,360.0,304.1
2026-09-03T18:07:06.089,0.884,360.0,304.1
2026-09-03T18:07:06.137,0.933,360.0,304.1
2026-09-03T18:07:06.332,1.127,360.0,304.1
2026-09-03T18:07:06.395,1.190,360.0,304.1
2026-09-03T18:07:06.593,1.389,360.0,304.1
2026-09-03T18:07:06.636,1.431,360.0,304.1
2026-09-03T18:07:06.864,1.659,360.0,304.1
2026-09-03T18:07:06.915,1.711,360.0,304.1
2026-09-03T18:07:07.126,1.922,360.0,304.1
2026-09-03T18:07:07.162,1.958,360.0,304.1
2026-09-03T18:07:07.403,2.198,360.0,304.1
2026-09-03T18:07:07.452,2.247,360.0,304.1
2026-09-03T18:07:07.670,2.465,360.0,304.1
2026-09-03T18:07:07.735,2.531,360.0,304.1
2026-09-03T18:07:07.950,2.746,360.0,304.1
2026-09-03T18:07:07.999,2.794,360.0,304.1
2026-09-03T18:07:08.209,3.005,360.0,304.1
2026-09-03T18:07:08.251,3.046,359.6,304.1
2026-09-03T18:07:08.472,3.267,360.0,304.1
2026-09-03T18:07:08.517,3.313,360.0,304.1
2026-09-03T18:07:08.721,3.516,360.0,304.1
2026-09-03T18:07:08.774,3.570,360.0,304.1
2026-09-03T18:07:08.999,3.795,360.0,304.1
2026-09-03T18:07:09.042,3.837,360.0,304.1
2026-09-03T18:07:09.215,4.010,360.0,304.1
2026-09-03T18:07:09.267,4.063,360.0,304.1
2026-09-03T18:07:09.482,4.278,360.0,304.1
2026-09-03T18:07:09.543,4.338,360.0,304.1
2026-09-03T18:07:09.596,4.391,360.0,304.1
2026-09-03T18:07:09.654,4.450,360.0,304.1
2026-09-03T18:07:09.772,4.567,360.0,304.1
2026-09-03T18:07:09.849,4.645,360.0,304.1
2026-09-03T18:07:09.988,4.784,360.0,304.1
2026-09-03T18:07:10.050,4.845,360.0,304.1
2026-09-03T18:07:10.138,4.933,360.0,304.1
2026-09-03T18:07:10.249,5.044,360.0,304.1
2026-09-03T18:07:10.347,5.143,359.8,304.1
2026-09-03T18:07:10.442,5.238,360.0,304.1
2026-09-03T18:07:10.540,5.336,358.9,304.1
2026-09-03T18:07:10.651,5.447,360.0,304.1
2026-09-03T18:07:10.734,5.530,360.0,304.1
2026-09-03T18:07:10.836,5.631,360.0,304.1
2026-09-03T18:07:10.939,5.734,360.0,304.1
2026-09-03T18:07:11.054,5.849,360.0,304.1
2026-09-03T18:07:11.135,5.930,358.9,304.1
2026-09-03T18:07:11.242,6.037,360.0,304.1
2026-09-03T18:07:11.356,6.151,360.0,304.1
2026-09-03T18:07:11.450,6.246,360.0,304.1
2026-09-03T18:07:11.532,6.328,360.0,304.1
2026-09-03T18:07:11.633,6.428,359.3,304.1
2026-09-03T18:07:11.732,6.527,360.0,304.1
2026-09-03T18:07:11.850,6.646,360.0,304.1
2026-09-03T18:07:11.931,6.727,360.0,304.1
2026-09-03T18:07:12.043,6.838,360.0,304.1
2026-09-03T18:07:12.153,6.949,360.0,304.1
2026-09-03T18:07:12.250,7.046,360.0,304.1
2026-09-03T18:07:12.343,7.138,353.6,304.1
2026-09-03T18:07:12.445,7.240,346.2,304.1
2026-09-03T18:07:12.552,7.347,333.6,304.1
2026-09-03T18:07:12.654,7.449,324.3,304.1
2026-09-03T18:07:12.753,7.548,315.3,304.1
2026-09-03T18:07:12.852,7.647,309.5,304.1
2026-09-03T18:07:12.946,7.742,299.8,304.1
2026-09-03T18:07:13.055,7.850,294.3,304.1
2026-09-03T18:07:13.162,7.958,288.9,304.1
2026-09-03T18:07:13.258,8.053,282.6,304.1
2026-09-03T18:07:13.351,8.147,281.5,304.1
2026-09-03T18:07:13.445,8.240,278.0,304.1
2026-09-03T18:07:13.560,8.356,275.9,304.1
2026-09-03T18:07:13.658,8.453,272.8,304.1
2026-09-03T18:07:13.749,8.544,360.0,304.1
2026-09-03T18:07:13.860,8.656,270.2,304.1
2026-09-03T18:07:13.960,8.755,269.4,304.1
2026-09-03T18:07:14.035,8.831,266.0,304.1
2026-09-03T18:07:14.137,8.932,266.0,304.1
2026-09-03T18:07:14.247,9.043,267.2,304.1
2026-09-03T18:07:14.346,9.142,267.6,304.1
2026-09-03T18:07:14.446,9.241,264.9,304.1
2026-09-03T18:07:14.543,9.338,267.0,304.1
2026-09-03T18:07:14.646,9.441,264.9,304.1
2026-09-03T18:07:14.757,9.553,266.1,304.1
2026-09-03T18:07:15.006,9.801,266.4,304.1
2026-09-03T18:07:15.049,9.845,267.1,304.1
2026-09-03T18:07:15.258,10.054,267.9,304.1
2026-09-03T18:07:15.309,10.104,270.4,304.1
2026-09-03T18:07:15.528,10.324,267.4,304.1
2026-09-03T18:07:15.600,10.396,268.1,304.1
2026-09-03T18:07:15.796,10.592,269.7,304.1
2026-09-03T18:07:15.843,10.638,269.7,304.1
2026-09-03T18:07:16.066,10.861,268.1,304.1
2026-09-03T18:07:16.099,10.894,268.7,304.1
2026-09-03T18:07:16.327,11.123,270.7,304.1
2026-09-03T18:07:16.363,11.158,264.6,304.1
2026-09-03T18:07:16.586,11.381,360.0,304.1
2026-09-03T18:07:16.640,11.435,248.2,304.1
2026-09-03T18:07:16.846,11.641,243.0,304.1
2026-09-03T18:07:16.899,11.695,232.3,304.1
2026-09-03T18:07:17.096,11.892,232.4,304.1
2026-09-03T18:07:17.141,11.937,224.6,304.1
2026-09-03T18:07:17.366,12.162,222.0,304.1
2026-09-03T18:07:17.412,12.207,215.6,304.1
2026-09-03T18:07:17.618,12.413,214.9,304.1
2026-09-03T18:07:17.680,12.475,210.5,304.1
2026-09-03T18:07:17.922,12.718,210.0,304.1
2026-09-03T18:07:17.972,12.768,204.9,304.1
2026-09-03T18:07:18.174,12.970,201.6,304.1
2026-09-03T18:07:18.233,13.029,198.7,304.1
2026-09-03T18:07:18.463,13.259,198.7,304.1
2026-09-03T18:07:18.511,13.306,193.4,304.1
2026-09-03T18:07:18.729,13.525,191.2,304.1
2026-09-03T18:07:18.783,13.579,189.0,304.1
2026-09-03T18:07:19.015,13.811,185.0,304.1
2026-09-03T18:07:19.061,13.857,178.7,304.1
2026-09-03T18:07:19.256,14.051,182.4,304.1
2026-09-03T18:07:19.295,14.090,177.2,304.1
2026-09-03T18:07:19.443,14.239,179.8,304.1
2026-09-03T18:07:19.494,14.289,181.9,304.1
2026-09-03T18:07:19.540,14.336,181.1,304.1
2026-09-03T18:07:19.670,14.465,181.3,304.1
2026-09-03T18:07:19.729,14.525,182.9,304.1
2026-09-03T18:07:19.878,14.673,180.8,304.1
2026-09-03T18:07:19.942,14.737,179.2,304.1
2026-09-03T18:07:20.148,14.944,182.5,304.1
2026-09-03T18:07:20.216,15.011,179.7,304.1
2026-09-03T18:07:20.250,15.045,179.1,304.1
2026-09-03T18:07:20.341,15.137,180.8,304.1
2026-09-03T18:07:20.453,15.248,182.4,304.1
2026-09-03T18:07:20.536,15.331,181.0,304.1
2026-09-03T18:07:20.638,15.434,178.0,304.1
2026-09-03T18:07:20.744,15.540,181.5,304.1
2026-09-03T18:07:20.841,15.637,179.4,305.3
2026-09-03T18:07:20.944,15.740,182.0,304.8
2026-09-03T18:07:21.043,15.838,179.6,305.3
2026-09-03T18:07:21.151,15.947,180.6,309.0
2026-09-03T18:07:21.239,16.034,180.3,312.5
2026-09-03T18:07:21.353,16.148,181.0,315.4
2026-09-03T18:07:21.439,16.234,181.0,317.2
2026-09-03T18:07:21.552,16.348,180.3,318.0
2026-09-03T18:07:21.684,16.479,181.8,319.1
2026-09-03T18:07:21.739,16.534,181.3,322.2
2026-09-03T18:07:21.886,16.681,178.8,331.3
2026-09-03T18:07:21.947,16.742,179.7,339.2
2026-09-03T18:07:22.031,16.827,182.4,341.1
2026-09-03T18:07:22.149,16.944,180.2,340.9
2026-09-03T18:07:22.255,17.050,184.2,340.9
2026-09-03T18:07:22.335,17.130,182.5,340.8
2026-09-03T18:07:22.435,17.231,179.2,341.8
2026-09-03T18:07:22.532,17.328,182.1,346.7
2026-09-03T18:07:22.637,17.433,182.3,347.7
2026-09-03T18:07:22.736,17.531,182.5,352.1
2026-09-03T18:07:22.843,17.639,182.9,354.7
2026-09-03T18:07:22.976,17.771,182.3,356.8
2026-09-03T18:07:23.038,17.833,180.8,358.1
2026-09-03T18:07:23.160,17.955,181.6,359.4
2026-09-03T18:07:23.229,18.024,184.4,359.4
2026-09-03T18:07:23.367,18.162,181.8,359.4
2026-09-03T18:07:23.461,18.256,180.8,359.4
2026-09-03T18:07:23.567,18.363,181.1,359.4
2026-09-03T18:07:23.649,18.445,182.1,359.4
2026-09-03T18:07:23.747,18.543,182.4,359.4
2026-09-03T18:07:23.831,18.626,181.2,359.4
2026-09-03T18:07:23.955,18.750,181.8,359.4
2026-09-03T18:07:24.045,18.841,181.3,359.1
2026-09-03T18:07:24.152,18.948,182.2,359.1
2026-09-03T18:07:24.235,19.030,184.4,359.1
2026-09-03T18:07:24.334,19.130,182.2,359.1
2026-09-03T18:07:24.438,19.234,182.4,359.1
2026-09-03T18:07:24.556,19.352,180.0,359.1
2026-09-03T18:07:24.654,19.449,182.8,359.1
2026-09-03T18:07:24.743,19.539,182.0,359.1
2026-09-03T18:07:24.863,19.658,180.2,359.1
2026-09-03T18:07:24.940,19.735,181.8,359.1
2026-09-03T18:07:25.042,19.838,181.8,359.1
2026-09-03T18:07:25.155,19.951,182.5,359.1
2026-09-03T18:07:25.244,20.039,181.9,359.1
2026-09-03T18:07:25.343,20.138,182.5,359.1
2026-09-03T18:07:25.466,20.262,181.1,359.1
2026-09-03T18:07:25.559,20.354,181.3,359.1
2026-09-03T18:07:25.641,20.437,178.8,359.0
2026-09-03T18:07:25.759,20.554,181.9,359.1
2026-09-03T18:07:25.841,20.637,181.0,359.1
2026-09-03T18:07:25.969,20.765,180.4,359.1
2026-09-03T18:07:26.056,20.852,181.3,359.1
2026-09-03T18:07:26.167,20.962,180.7,359.1
2026-09-03T18:07:26.249,21.044,181.0,359.1
2026-09-03T18:07:26.346,21.142,181.3,359.1
2026-09-03T18:07:26.433,21.228,182.5,359.1
2026-09-03T18:07:26.536,21.332,180.3,359.1
2026-09-03T18:07:26.635,21.431,181.6,359.1
2026-09-03T18:07:26.732,21.527,182.1,359.0
2026-09-03T18:07:26.879,21.674,182.4,359.0
2026-09-03T18:07:26.942,21.737,180.8,359.1
2026-09-03T18:07:27.046,21.842,184.0,359.1
2026-09-03T18:07:27.133,21.928,181.9,359.1
2026-09-03T18:07:27.247,22.042,178.6,359.1
2026-09-03T18:07:27.341,22.136,182.4,359.1
2026-09-03T18:07:27.449,22.244,182.1,359.0
2026-09-03T18:07:27.533,22.329,180.7,359.1
2026-09-03T18:07:27.642,22.438,184.4,359.1
2026-09-03T18:07:27.752,22.548,180.8,359.1
2026-09-03T18:07:27.843,22.639,178.4,359.1
2026-09-03T18:07:27.942,22.738,182.4,359.0
2026-09-03T18:07:28.046,22.842,181.5,359.1
2026-09-03T18:07:28.138,22.933,182.5,359.1
2026-09-03T18:07:28.233,23.028,181.7,359.1
2026-09-03T18:07:28.332,23.127,181.9,359.1
2026-09-03T18:07:28.439,23.234,182.4,359.1
2026-09-03T18:07:28.560,23.356,182.8,359.1
2026-09-03T18:07:28.644,23.439,181.7,359.1
2026-09-03T18:07:28.742,23.537,182.5,359.0
2026-09-03T18:07:28.857,23.653,179.7,359.0
2026-09-03T18:07:28.944,23.739,176.3,359.1
2026-09-03T18:07:29.049,23.844,173.3,359.1
2026-09-03T18:07:29.151,23.946,171.0,359.1
2026-09-03T18:07:29.246,24.042,172.1,359.1
2026-09-03T18:07:29.345,24.140,166.8,359.1
2026-09-03T18:07:29.444,24.239,164.6,359.1
2026-09-03T18:07:29.544,24.340,161.7,359.1
2026-09-03T18:07:29.647,24.442,158.1,359.1
2026-09-03T18:07:29.746,24.541,155.1,359.0
2026-09-03T18:07:29.861,24.657,151.9,359.1
2026-09-03T18:07:29.949,24.744,148.5,359.1
2026-09-03T18:07:30.057,24.853,147.2,359.1
2026-09-03T18:07:30.141,24.936,140.3,359.1
2026-09-03T18:07:30.262,25.057,138.5,359.1
2026-09-03T18:07:30.355,25.150,132.1,359.1
2026-09-03T18:07:30.462,25.258,128.6,359.0
2026-09-03T18:07:30.565,25.361,122.8,359.1
2026-09-03T18:07:30.672,25.467,118.9,359.0
2026-09-03T18:07:30.730,25.525,113.5,359.1
2026-09-03T18:07:30.833,25.628,108.1,359.1
2026-09-03T18:07:30.932,25.728,104.3,359.1
2026-09-03T18:07:31.032,25.827,100.2,359.1
2026-09-03T18:07:31.138,25.934,99.5,359.1
2026-09-03T18:07:31.246,26.041,95.5,359.1
2026-09-03T18:07:31.351,26.146,95.0,359.1
2026-09-03T18:07:31.448,26.243,94.2,359.1
2026-09-03T18:07:31.557,26.353,96.4,359.1
2026-09-03T18:07:31.653,26.448,95.8,359.0
2026-09-03T18:07:31.733,26.529,93.2,359.1
2026-09-03T18:07:31.834,26.630,94.2,359.1
2026-09-03T18:07:31.947,26.743,94.0,359.1
2026-09-03T18:07:32.034,26.829,92.0,359.1
2026-09-03T18:07:32.147,26.942,90.4,359.0
2026-09-03T18:07:32.240,27.035,90.2,359.1
2026-09-03T18:07:32.367,27.163,90.0,359.1
2026-09-03T18:07:32.432,27.228,90.9,359.0
2026-09-03T18:07:32.541,27.337,90.4,359.1
2026-09-03T18:07:32.655,27.451,90.3,359.0
2026-09-03T18:07:32.730,27.525,89.9,359.1
2026-09-03T18:07:32.831,27.626,90.5,359.1
2026-09-03T18:07:32.943,27.739,90.4,359.0
2026-09-03T18:07:33.040,27.835,90.6,359.0
2026-09-03T18:07:33.147,27.942,89.3,359.1
2026-09-03T18:07:33.244,28.039,90.4,359.1
2026-09-03T18:07:33.343,28.139,92.5,359.0
2026-09-03T18:07:33.433,28.228,91.6,359.1
2026-09-03T18:07:33.553,28.349,90.1,359.0
2026-09-03T18:07:33.635,28.430,89.9,359.1
2026-09-03T18:07:33.746,28.541,90.4,359.1
2026-09-03T18:07:33.839,28.634,90.2,359.1
2026-09-03T18:07:33.978,28.774,90.0,359.1
2026-09-03T18:07:34.044,28.839,90.9,359.1
2026-09-03T18:07:34.162,28.958,90.8,359.1
2026-09-03T18:07:34.252,29.048,91.8,359.1
2026-09-03T18:07:34.341,29.136,90.4,359.1
2026-09-03T18:07:34.551,29.346,90.1,359.1
2026-09-03T18:07:34.600,29.396,88.9,359.1
2026-09-03T18:07:34.801,29.596,89.7,359.0
2026-09-03T18:07:34.854,29.650,89.6,359.1
2026-09-03T18:07:35.076,29.871,90.6,359.1
2026-09-03T18:07:35.110,29.905,90.5,359.1
2026-09-03T18:07:35.321,30.116,90.5,359.1
2026-09-03T18:07:35.388,30.183,90.1,359.1
2026-09-03T18:07:35.599,30.394,92.5,359.0
2026-09-03T18:07:35.645,30.440,90.7,359.1
2026-09-03T18:07:35.879,30.675,92.1,359.0
2026-09-03T18:07:35.929,30.725,90.4,359.1
2026-09-03T18:07:36.132,30.928,93.6,359.1
2026-09-03T18:07:36.185,30.980,90.5,359.1
2026-09-03T18:07:36.414,31.209,92.1,359.1
2026-09-03T18:07:36.464,31.260,89.6,359.1
2026-09-03T18:07:36.652,31.448,91.8,359.1
2026-09-03T18:07:36.715,31.510,89.4,359.0
2026-09-03T18:07:36.918,31.714,88.8,359.1
2026-09-03T18:07:36.966,31.761,89.5,359.1
2026-09-03T18:07:37.210,32.005,88.8,359.1
2026-09-03T18:07:37.264,32.059,91.6,359.1
2026-09-03T18:07:37.477,32.273,91.1,359.1
2026-09-03T18:07:37.525,32.321,91.4,359.1
2026-09-03T18:07:37.724,32.520,90.5,359.1
2026-09-03T18:07:37.762,32.557,90.1,359.0
2026-09-03T18:07:37.995,32.791,88.6,359.0
2026-09-03T18:07:38.041,32.837,90.9,359.0
2026-09-03T18:07:38.258,33.053,90.1,359.0
2026-09-03T18:07:38.299,33.094,88.8,359.0
2026-09-03T18:07:38.342,33.137,88.7,359.0
2026-09-03T18:07:38.548,33.344,92.0,359.0
2026-09-03T18:07:38.800,33.595,91.4,359.0
2026-09-03T18:07:38.873,33.668,90.4,359.0
2026-09-03T18:07:39.070,33.866,90.5,359.0
2026-09-03T18:07:39.127,33.923,90.7,359.0
2026-09-03T18:07:39.276,34.071,91.1,359.0
2026-09-03T18:07:39.331,34.126,90.4,359.0
2026-09-03T18:07:39.526,34.322,89.4,359.0
2026-09-03T18:07:39.604,34.399,89.1,359.0
2026-09-03T18:07:39.666,34.462,91.2,359.0
2026-09-03T18:07:39.762,34.557,91.5,359.0
2026-09-03T18:07:39.843,34.639,88.7,359.0
2026-09-03T18:07:39.932,34.728,89.6,359.0
2026-09-03T18:07:40.037,34.832,89.6,359.0
2026-09-03T18:07:40.144,34.939,90.4,359.0
2026-09-03T18:07:40.268,35.063,89.6,359.0
2026-09-03T18:07:40.330,35.125,90.8,359.0
2026-09-03T18:07:40.447,35.242,89.0,359.0
2026-09-03T18:07:40.543,35.339,90.1,359.0
2026-09-03T18:07:40.651,35.446,91.3,359.0
2026-09-03T18:07:40.731,35.527,89.9,359.0
2026-09-03T18:07:40.830,35.626,88.7,359.0
2026-09-03T18:07:40.941,35.737,90.2,359.0
2026-09-03T18:07:41.055,35.850,89.5,359.0
2026-09-03T18:07:41.134,35.929,89.7,359.0
2026-09-03T18:07:41.237,36.032,89.0,359.0
2026-09-03T18:07:41.357,36.153,91.2,359.0
2026-09-03T18:07:41.435,36.231,92.0,359.0
2026-09-03T18:07:41.533,36.329,90.3,359.0
2026-09-03T18:07:41.632,36.428,88.8,359.0
2026-09-03T18:07:41.747,36.542,92.7,359.0
2026-09-03T18:07:41.863,36.659,92.1,359.0
2026-09-03T18:07:41.943,36.739,89.9,359.0
2026-09-03T18:07:42.056,36.851,90.8,359.0
2026-09-03T18:07:42.149,36.944,91.6,359.0
2026-09-03T18:07:42.239,37.035,89.9,359.0
2026-09-03T18:07:42.345,37.141,85.2,359.0
2026-09-03T18:07:42.440,37.235,85.0,359.0
2026-09-03T18:07:42.546,37.342,85.8,359.0
2026-09-03T18:07:42.652,37.448,87.1,359.0
2026-09-03T18:07:42.741,37.536,83.3,359.0
2026-09-03T18:07:42.853,37.649,83.9,359.0
2026-09-03T18:07:42.945,37.740,84.2,359.0
2026-09-03T18:07:43.076,37.871,85.1,359.0
2026-09-03T18:07:43.159,37.954,86.1,359.0
2026-09-03T18:07:43.246,38.042,83.1,359.0
2026-09-03T18:07:43.334,38.129,81.7,359.0
2026-09-03T18:07:43.450,38.246,81.2,359.0
2026-09-03T18:07:43.548,38.344,78.6,359.0
2026-09-03T18:07:43.639,38.435,78.8,359.0
2026-09-03T18:07:43.753,38.548,78.0,359.0
2026-09-03T18:07:43.850,38.645,77.0,359.0
2026-09-03T18:07:43.938,38.733,78.2,359.0
2026-09-03T18:07:44.050,38.845,76.9,359.0
2026-09-03T18:07:44.132,38.928,78.0,359.0
2026-09-03T18:07:44.243,39.039,77.7,359.0
2026-09-03T18:07:44.346,39.142,76.2,359.0
2026-09-03T18:07:44.434,39.229,81.1,359.0
2026-09-03T18:07:44.540,39.335,80.5,359.0
2026-09-03T18:07:44.647,39.442,80.1,359.0
2026-09-03T18:07:44.731,39.527,85.4,359.0
2026-09-03T18:07:44.830,39.626,86.3,359.0
2026-09-03T18:07:44.941,39.737,87.0,359.0
2026-09-03T18:07:45.038,39.834,84.5,359.0
2026-09-03T18:07:45.139,39.934,87.3,359.0
2026-09-03T18:07:45.242,40.037,85.2,359.0
2026-09-03T18:07:45.340,40.135,80.0,359.0
2026-09-03T18:07:45.443,40.239,72.0,359.0
2026-09-03T18:07:45.553,40.348,67.7,359.0
2026-09-03T18:07:45.639,40.434,63.5,359.0
2026-09-03T18:07:45.738,40.533,55.0,359.0
2026-09-03T18:07:45.848,40.644,45.3,359.0
2026-09-03T18:07:45.936,40.731,39.8,359.0
2026-09-03T18:07:46.033,40.829,31.9,359.0
2026-09-03T18:07:46.155,40.951,24.4,359.0
2026-09-03T18:07:46.239,41.034,19.3,359.0
2026-09-03T18:07:46.343,41.138,16.1,359.0
2026-09-03T18:07:46.447,41.242,13.7,359.0
2026-09-03T18:07:46.540,41.336,10.4,359.0
2026-09-03T18:07:46.644,41.439,9.9,359.0
2026-09-03T18:07:46.747,41.543,7.8,359.0
2026-09-03T18:07:46.848,41.644,5.1,359.0
2026-09-03T18:07:46.936,41.731,3.8,359.0
2026-09-03T18:07:47.049,41.844,2.7,359.0
2026-09-03T18:07:47.152,41.948,1.1,359.0
2026-09-03T18:07:47.235,42.031,0.0,359.0
2026-09-03T18:07:47.350,42.145,0.0,359.0
2026-09-03T18:07:47.434,42.230,0.0,359.0
2026-09-03T18:07:47.548,42.343,0.0,359.0
2026-09-03T18:07:47.652,42.447,0.0,359.0
2026-09-03T18:07:47.733,42.529,0.0,359.0
2026-09-03T18:07:47.844,42.640,0.0,359.0
2026-09-03T18:07:47.935,42.730,0.0,359.0
2026-09-03T18:07:48.036,42.831,0.0,359.0
2026-09-03T18:07:48.131,42.927,0.0,359.0
2026-09-03T18:07:48.239,43.034,0.0,359.0
2026-09-03T18:07:48.348,43.143,0.0,359.0
2026-09-03T18:07:48.453,43.248,0.0,359.0
2026-09-03T18:07:48.553,43.348,0.0,359.0
2026-09-03T18:07:48.628,43.423,0.0,359.0
2026-09-03T18:07:48.738,43.533,0.0,359.0
2026-09-03T18:07:48.843,43.639,0.0,359.0
2026-09-03T18:07:48.960,43.756,0.0,359.0
2026-09-03T18:07:49.041,43.837,0.0,359.0
2026-09-03T18:07:49.139,43.935,0.0,359.0
2026-09-03T18:07:49.241,44.037,0.0,359.0
2026-09-03T18:07:49.353,44.148,0.0,359.0
2026-09-03T18:07:49.427,44.222,0.0,359.0
2026-09-03T18:07:49.555,44.350,0.0,359.0
2026-09-03T18:07:49.636,44.432,0.0,359.0
2026-09-03T18:07:49.770,44.565,0.0,359.0
2026-09-03T18:07:49.850,44.645,0.0,359.0
2026-09-03T18:07:49.937,44.733,0.0,359.0
2026-09-03T18:07:50.052,44.847,0.0,359.0
2026-09-03T18:07:50.129,44.924,0.0,359.0
2026-09-03T18:07:50.238,45.033,0.0,359.0
2026-09-03T18:07:50.339,45.134,0.0,359.0
2026-09-03T18:07:50.447,45.242,0.0,359.0
2026-09-03T18:07:50.538,45.334,0.0,359.0
2026-09-03T18:07:50.648,45.443,0.0,358.9
2026-09-03T18:07:50.737,45.533,0.0,359.0
2026-09-03T18:07:50.838,45.634,0.0,358.9
2026-09-03T18:07:50.943,45.739,0.0,359.0
2026-09-03T18:07:51.046,45.841,0.0,359.0
2026-09-03T18:07:51.141,45.936,0.0,359.0
2026-09-03T18:07:51.252,46.048,0.0,359.0
2026-09-03T18:07:51.343,46.138,0.1,359.0
2026-09-03T18:07:51.449,46.244,0.0,359.0
2026-09-03T18:07:51.542,46.337,0.0,359.0
2026-09-03T18:07:51.655,46.451,0.0,359.0
2026-09-03T18:07:51.750,46.546,0.0,359.0
2026-09-03T18:07:51.837,46.632,0.0,359.0
2026-09-03T18:07:51.956,46.752,0.0,359.0
2026-09-03T18:07:52.053,46.848,0.0,359.0
2026-09-03T18:07:52.147,46.943,0.0,359.0
2026-09-03T18:07:52.239,47.034,0.0,359.0
2026-09-03T18:07:52.369,47.164,0.0,359.0
2026-09-03T18:07:52.437,47.233,0.0,359.0
2026-09-03T18:07:52.548,47.343,0.0,359.0
2026-09-03T18:07:52.635,47.430,0.0,359.0
2026-09-03T18:07:52.776,47.572,0.0,359.0
2026-09-03T18:07:52.850,47.646,0.0,359.0
2026-09-03T18:07:52.967,47.763,0.0,359.0
2026-09-03T18:07:53.039,47.834,0.0,359.0
2026-09-03T18:07:53.144,47.940,0.0,359.0
2026-09-03T18:07:53.229,48.025,0.0,359.0
2026-09-03T18:07:53.340,48.136,0.0,359.0
2026-09-03T18:07:53.445,48.240,0.0,359.0
2026-09-03T18:07:53.550,48.346,0.0,359.0
2026-09-03T18:07:53.629,48.425,0.0,359.0
2026-09-03T18:07:53.749,48.545,0.0,359.0
2026-09-03T18:07:53.854,48.649,0.0,359.0
2026-09-03T18:07:53.946,48.742,0.0,359.0
2026-09-03T18:07:54.049,48.845,0.0,359.0
2026-09-03T18:07:54.139,48.935,0.0,359.0
2026-09-03T18:07:54.255,49.050,0.0,359.0
2026-09-03T18:07:54.348,49.143,0.0,359.0
2026-09-03T18:07:54.452,49.248,0.0,359.0
2026-09-03T18:07:54.539,49.335,0.0,359.0
2026-09-03T18:07:54.640,49.435,0.0,359.0
2026-09-03T18:07:54.750,49.545,0.0,359.0
2026-09-03T18:07:54.840,49.635,0.0,359.0
2026-09-03T18:07:54.944,49.740,0.0,359.0
2026-09-03T18:07:55.044,49.839,0.0,359.0
2026-09-03T18:07:55.157,49.952,0.0,359.0
2026-09-03T18:07:55.249,50.045,0.0,359.0
2026-09-03T18:07:55.335,50.131,0.0,359.0
2026-09-03T18:07:55.454,50.250,0.0,359.0
2026-09-03T18:07:55.559,50.354,0.0,359.0
2026-09-03T18:07:55.649,50.444,0.0,359.0
2026-09-03T18:07:55.770,50.566,0.0,359.0
2026-09-03T18:07:55.846,50.642,0.0,359.0
2026-09-03T18:07:55.955,50.751,0.0,359.0
2026-09-03T18:07:56.041,50.837,0.0,359.0
2026-09-03T18:07:56.152,50.948,0.0,359.0
2026-09-03T18:07:56.252,51.047,0.0,359.0
2026-09-03T18:07:56.335,51.130,0.0,359.0
2026-09-03T18:07:56.461,51.256,0.0,359.0
2026-09-03T18:07:56.551,51.346,0.0,359.0
2026-09-03T18:07:56.635,51.431,0.0,359.0
2026-09-03T18:07:56.751,51.547,0.0,359.0
2026-09-03T18:07:56.838,51.633,0.0,359.0
2026-09-03T18:07:56.942,51.738,0.0,359.0
2026-09-03T18:07:57.048,51.844,0.0,359.0
2026-09-03T18:07:57.134,51.930,0.0,359.0
2026-09-03T18:07:57.233,52.028,0.0,359.0
2026-09-03T18:07:57.354,52.150,0.0,359.0
2026-09-03T18:07:57.428,52.223,0.0,359.0
2026-09-03T18:07:57.542,52.338,0.0,359.0
2026-09-03T18:07:57.648,52.443,0.0,359.0
2026-09-03T18:07:57.737,52.533,0.0,359.0
2026-09-03T18:07:57.891,52.686,0.0,359.0
2026-09-03T18:07:58.120,52.915,0.0,359.0
2026-09-03T18:07:58.160,52.956,1.2,359.0
2026-09-03T18:07:58.394,53.190,0.0,359.0
2026-09-03T18:07:58.442,53.237,0.0,359.0
2026-09-03T18:07:58.664,53.459,0.0,359.0
2026-09-03T18:07:58.737,53.533,0.0,359.0
2026-09-03T18:07:58.943,53.739,0.0,359.0
2026-09-03T18:07:58.991,53.786,0.0,359.0
2026-09-03T18:07:59.202,53.997,0.0,359.0
2026-09-03T18:07:59.244,54.039,0.0,359.0
2026-09-03T18:07:59.476,54.272,0.0,359.0
2026-09-03T18:07:59.518,54.313,0.2,359.0
2026-09-03T18:07:59.731,54.527,0.0,359.0
2026-09-03T18:07:59.768,54.563,0.0,359.0
2026-09-03T18:08:00.009,54.804,0.0,359.0
2026-09-03T18:08:00.057,54.853,0.0,359.0
2026-09-03T18:08:00.250,55.046,0.0,359.0
2026-09-03T18:08:00.298,55.093,0.0,359.0
2026-09-03T18:08:00.511,55.307,0.0,359.0
2026-09-03T18:08:00.570,55.366,0.0,359.0
2026-09-03T18:08:00.786,55.582,0.0,359.0
2026-09-03T18:08:00.827,55.622,0.0,358.9
2026-09-03T18:08:01.051,55.847,0.0,359.0
2026-09-03T18:08:01.092,55.887,0.0,359.0
2026-09-03T18:08:01.315,56.110,0.0,359.0
2026-09-03T18:08:01.350,56.146,0.0,359.0
2026-09-03T18:08:01.600,56.396,0.0,359.0
2026-09-03T18:08:01.664,56.459,0.0,359.0
2026-09-03T18:08:01.870,56.665,0.0,359.0
2026-09-03T18:08:01.921,56.716,0.0,359.0
2026-09-03T18:08:02.120,56.915,0.0,359.0
2026-09-03T18:08:02.171,56.966,0.0,359.0
2026-09-03T18:08:02.402,57.197,0.0,359.0
2026-09-03T18:08:02.436,57.231,0.0,359.0
2026-09-03T18:08:02.663,57.459,0.0,359.0
2026-09-03T18:08:02.718,57.514,0.0,359.0
2026-09-03T18:08:02.969,57.764,0.0,359.0
2026-09-03T18:08:03.029,57.825,0.0,359.0
2026-09-03T18:08:03.081,57.877,0.0,359.0
2026-09-03T18:08:03.131,57.927,0.0,359.0
2026-09-03T18:08:03.243,58.038,0.0,359.0
2026-09-03T18:08:03.344,58.140,0.0,359.0
2026-09-03T18:08:03.442,58.238,0.0,359.0
2026-09-03T18:08:03.540,58.335,0.0,359.0
2026-09-03T18:08:03.647,58.442,0.0,359.0
2026-09-03T18:08:03.737,58.532,0.0,359.0
2026-09-03T18:08:03.833,58.629,0.0,359.0
2026-09-03T18:08:03.945,58.741,0.0,359.0
2026-09-03T18:08:04.049,58.844,0.0,359.0
2026-09-03T18:08:04.164,58.960,0.0,359.0
2026-09-03T18:08:04.241,59.036,0.0,359.0
2026-09-03T18:08:04.350,59.146,0.0,359.0
2026-09-03T18:08:04.446,59.241,0.0,359.0
2026-09-03T18:08:04.536,59.331,0.0,359.0
2026-09-03T18:08:04.652,59.447,0.0,359.0
2026-09-03T18:08:04.727,59.523,0.0,359.0
2026-09-03T18:08:04.829,59.625,0.0,359.0
2026-09-03T18:08:04.940,59.736,0.0,359.0
2026-09-03T18:08:05.052,59.847,0.0,359.0
2026-09-03T18:08:05.140,59.936,0.0,359.0
2026-09-03T18:08:05.239,60.035,0.0,359.0
2026-09-03T18:08:05.338,60.133,0.1,359.0
2026-09-03T18:08:05.443,60.238,0.0,359.0
2026-09-03T18:08:05.545,60.341,0.0,359.0
2026-09-03T18:08:05.642,60.437,0.0,359.0
2026-09-03T18:08:05.744,60.540,0.0,359.0
2026-09-03T18:08:05.861,60.656,0.0,359.0
2026-09-03T18:08:05.946,60.741,0.0,359.0
2026-09-03T18:08:06.040,60.835,0.0,359.0
2026-09-03T18:08:06.131,60.926,0.0,359.0
2026-09-03T18:08:06.231,61.026,0.0,359.0
2026-09-03T18:08:06.341,61.137,0.0,359.0
2026-09-03T18:08:06.453,61.248,0.0,359.0
2026-09-03T18:08:06.555,61.350,0.0,359.0
2026-09-03T18:08:06.649,61.444,0.0,359.0
2026-09-03T18:08:06.734,61.529,0.0,359.0
2026-09-03T18:08:06.843,61.639,0.0,359.0
2026-09-03T18:08:06.940,61.735,0.0,359.0
2026-09-03T18:08:07.040,61.836,0.0,359.0
2026-09-03T18:08:07.138,61.934,0.0,359.0
2026-09-03T18:08:07.239,62.034,0.0,359.0
2026-09-03T18:08:07.341,62.136,0.0,359.0
2026-09-03T18:08:07.440,62.235,0.0,359.0
2026-09-03T18:08:07.544,62.340,0.0,359.0
2026-09-03T18:08:07.651,62.447,0.0,359.0
2026-09-03T18:08:07.756,62.551,0.0,359.0
2026-09-03T18:08:07.840,62.635,0.0,359.0
2026-09-03T18:08:07.949,62.744,0.0,359.0
2026-09-03T18:08:08.036,62.831,0.0,359.0
2026-09-03T18:08:08.144,62.939,0.0,359.0
2026-09-03T18:08:08.248,63.043,0.0,359.0
2026-09-03T18:08:08.337,63.132,0.0,359.0
2026-09-03T18:08:08.446,63.242,0.0,359.0
2026-09-03T18:08:08.557,63.352,0.0,359.0
2026-09-03T18:08:08.653,63.449,0.0,359.0
2026-09-03T18:08:08.731,63.526,0.0,359.0
2026-09-03T18:08:08.840,63.636,0.0,359.0
2026-09-03T18:08:08.948,63.743,0.0,359.0
2026-09-03T18:08:09.045,63.840,0.0,359.0
2026-09-03T18:08:09.131,63.927,0.0,359.0
2026-09-03T18:08:09.230,64.025,0.0,359.0
2026-09-03T18:08:09.338,64.133,0.0,359.0
2026-09-03T18:08:09.441,64.236,0.0,359.0
2026-09-03T18:08:09.537,64.332,0.0,359.0
2026-09-03T18:08:09.668,64.464,0.0,359.0
2026-09-03T18:08:09.735,64.530,0.0,359.0
2026-09-03T18:08:09.836,64.631,0.0,359.0
2026-09-03T18:08:09.944,64.740,0.0,359.0
2026-09-03T18:08:10.055,64.850,0.0,359.0
2026-09-03T18:08:10.138,64.933,0.0,359.0
2026-09-03T18:08:10.255,65.051,0.0,359.0
2026-09-03T18:08:10.346,65.142,0.0,359.0
2026-09-03T18:08:10.464,65.260,0.0,359.0
2026-09-03T18:08:10.527,65.323,0.0,359.0
2026-09-03T18:08:10.629,65.424,0.0,359.0
2026-09-03T18:08:10.739,65.534,0.0,359.0
2026-09-03T18:08:10.842,65.637,0.0,359.0
2026-09-03T18:08:10.948,65.743,0.0,359.0
2026-09-03T18:08:11.028,65.823,0.0,359.0
2026-09-03T18:08:11.135,65.930,0.0,359.0
2026-09-03T18:08:11.271,66.067,0.0,359.0
2026-09-03T18:08:11.340,66.136,0.0,359.0
2026-09-03T18:08:11.448,66.244,0.0,359.0
2026-09-03T18:08:11.540,66.335,0.0,359.0
2026-09-03T18:08:11.638,66.434,3.7,359.0
2026-09-03T18:08:11.749,66.544,9.2,359.0
2026-09-03T18:08:11.831,66.626,15.6,359.0
2026-09-03T18:08:11.931,66.727,19.3,359.0
2026-09-03T18:08:12.033,66.828,26.3,359.0
2026-09-03T18:08:12.137,66.932,35.5,359.0
2026-09-03T18:08:12.243,67.039,47.2,359.0
2026-09-03T18:08:12.347,67.142,54.4,359.0
2026-09-03T18:08:12.432,67.228,62.0,359.0
2026-09-03T18:08:12.560,67.356,68.0,359.0
2026-09-03T18:08:12.656,67.451,71.3,359.0
2026-09-03T18:08:12.747,67.543,73.9,359.0
2026-09-03T18:08:12.838,67.634,73.3,359.0
2026-09-03T18:08:12.952,67.748,72.8,359.0
2026-09-03T18:08:13.037,67.833,76.2,359.0
2026-09-03T18:08:13.146,67.942,80.1,359.0
2026-09-03T18:08:13.249,68.044,78.2,359.0
2026-09-03T18:08:13.330,68.126,78.0,359.0
2026-09-03T18:08:13.445,68.240,77.3,359.0
2026-09-03T18:08:13.530,68.326,76.7,359.0
2026-09-03T18:08:13.642,68.438,80.1,359.0
2026-09-03T18:08:13.740,68.535,78.8,359.0
2026-09-03T18:08:13.863,68.659,84.8,359.0
2026-09-03T18:08:13.930,68.726,88.7,359.0
2026-09-03T18:08:14.033,68.829,98.4,359.0
2026-09-03T18:08:14.155,68.951,102.5,359.0
2026-09-03T18:08:14.250,69.045,105.9,359.0
2026-09-03T18:08:14.335,69.131,110.0,359.0
2026-09-03T18:08:14.447,69.242,110.2,359.0
2026-09-03T18:08:14.544,69.340,109.4,359.0
2026-09-03T18:08:14.628,69.423,106.8,359.0
2026-09-03T18:08:14.748,69.544,104.4,359.0
2026-09-03T18:08:14.831,69.626,104.9,359.0
2026-09-03T18:08:14.934,69.729,100.8,359.0
2026-09-03T18:08:15.035,69.830,101.9,359.0
2026-09-03T18:08:15.144,69.940,98.6,359.0
2026-09-03T18:08:15.229,70.024,97.4,359.0
2026-09-03T18:08:15.328,70.124,97.2,359.0
2026-09-03T18:08:15.432,70.227,95.7,359.0
2026-09-03T18:08:15.549,70.344,95.7,359.0
2026-09-03T18:08:15.634,70.430,90.7,359.0
2026-09-03T18:08:15.743,70.538,95.4,359.0
2026-09-03T18:08:15.848,70.643,92.8,359.0
2026-09-03T18:08:15.934,70.729,91.2,359.0
2026-09-03T18:08:16.032,70.827,91.8,359.0
2026-09-03T18:08:16.132,70.927,94.5,359.0
2026-09-03T18:08:16.240,71.035,93.1,359.0
2026-09-03T18:08:16.353,71.148,92.7,359.0
2026-09-03T18:08:16.443,71.239,94.0,359.0
2026-09-03T18:08:16.542,71.337,92.8,359.0
2026-09-03T18:08:16.640,71.435,93.0,359.0
2026-09-03T18:08:16.761,71.557,95.7,359.0
2026-09-03T18:08:16.864,71.659,92.6,359.0
2026-09-03T18:08:16.957,71.753,94.7,359.0
2026-09-03T18:08:17.051,71.846,92.4,358.9
2026-09-03T18:08:17.141,71.936,93.1,359.0
2026-09-03T18:08:17.251,72.046,99.6,359.0
2026-09-03T18:08:17.350,72.145,106.0,359.0
2026-09-03T18:08:17.442,72.237,113.4,359.0
2026-09-03T18:08:17.553,72.348,124.3,359.0
2026-09-03T18:08:17.634,72.430,130.7,359.0
2026-09-03T18:08:17.737,72.533,137.9,359.0
2026-09-03T18:08:17.844,72.640,142.6,359.0
2026-09-03T18:08:17.941,72.737,145.1,359.0
2026-09-03T18:08:18.061,72.856,151.9,359.0
2026-09-03T18:08:18.130,72.925,152.9,359.0
2026-09-03T18:08:18.247,73.042,158.3,359.0
2026-09-03T18:08:18.339,73.135,160.4,359.0
2026-09-03T18:08:18.445,73.241,164.5,359.0
2026-09-03T18:08:18.535,73.330,169.8,359.0
2026-09-03T18:08:18.642,73.438,172.2,359.0
2026-09-03T18:08:18.744,73.539,173.5,359.0
2026-09-03T18:08:18.828,73.623,176.9,359.0
2026-09-03T18:08:18.942,73.738,179.1,359.0
2026-09-03T18:08:19.034,73.829,176.0,359.0
2026-09-03T18:08:19.149,73.944,180.3,359.0
2026-09-03T18:08:19.253,74.048,180.2,359.0
2026-09-03T18:08:19.331,74.126,178.0,359.0
2026-09-03T18:08:19.438,74.233,180.7,359.0
2026-09-03T18:08:19.544,74.339,177.9,359.0
2026-09-03T18:08:19.637,74.433,179.2,359.0
2026-09-03T18:08:19.762,74.557,178.1,359.0
2026-09-03T18:08:19.847,74.642,177.7,359.0
2026-09-03T18:08:19.935,74.731,182.8,358.9
2026-09-03T18:08:20.044,74.839,191.2,359.0
2026-09-03T18:08:20.144,74.940,197.2,358.9
2026-09-03T18:08:20.227,75.022,204.1,359.0
2026-09-03T18:08:20.343,75.138,211.4,359.0
2026-09-03T18:08:20.442,75.238,220.9,359.0
2026-09-03T18:08:20.539,75.335,227.6,359.0
2026-09-03T18:08:20.639,75.434,233.3,359.0
2026-09-03T18:08:20.742,75.537,241.6,359.0
2026-09-03T18:08:20.841,75.637,248.1,359.0
2026-09-03T18:08:20.947,75.742,253.1,359.0
2026-09-03T18:08:21.039,75.835,261.5,359.0
2026-09-03T18:08:21.141,75.936,262.3,359.0
2026-09-03T18:08:21.241,76.036,265.9,359.0
2026-09-03T18:08:21.347,76.142,267.0,359.0
2026-09-03T18:08:21.432,76.227,269.8,359.0
2026-09-03T18:08:21.543,76.338,269.6,359.0
2026-09-03T18:08:21.637,76.432,274.6,359.0
2026-09-03T18:08:21.742,76.538,275.0,359.0
2026-09-03T18:08:21.843,76.638,276.1,359.0
2026-09-03T18:08:21.947,76.742,275.9,359.0
2026-09-03T18:08:22.036,76.832,275.8,359.0
2026-09-03T18:08:22.147,76.942,275.2,359.0
2026-09-03T18:08:22.235,77.031,276.5,359.0
2026-09-03T18:08:22.353,77.148,277.1,359.0
2026-09-03T18:08:22.438,77.234,286.7,359.0
2026-09-03T18:08:22.541,77.336,302.1,359.0
2026-09-03T18:08:22.646,77.441,325.9,359.0
2026-09-03T18:08:22.731,77.527,346.1,359.0
2026-09-03T18:08:22.833,77.629,360.0,359.0
2026-09-03T18:08:22.930,77.726,360.0,359.0
2026-09-03T18:08:23.032,77.828,360.0,359.0
2026-09-03T18:08:23.128,77.924,360.0,359.0
2026-09-03T18:08:23.230,78.025,360.0,359.0
2026-09-03T18:08:23.334,78.129,359.9,359.0
2026-09-03T18:08:23.446,78.242,360.0,359.0
2026-09-03T18:08:23.532,78.327,360.0,359.0
2026-09-03T18:08:23.633,78.429,360.0,359.0
2026-09-03T18:08:23.728,78.524,360.0,359.0
2026-09-03T18:08:23.829,78.625,360.0,359.0
2026-09-03T18:08:23.930,78.726,360.0,359.0
2026-09-03T18:08:24.043,78.838,360.0,359.0
2026-09-03T18:08:24.135,78.930,360.0,359.0
2026-09-03T18:08:24.239,79.035,360.0,359.0
2026-09-03T18:08:24.341,79.137,359.9,359.0
2026-09-03T18:08:24.438,79.233,360.0,359.0
2026-09-03T18:08:24.541,79.337,360.0,359.0
2026-09-03T18:08:24.644,79.439,360.0,359.2
2026-09-03T18:08:24.727,79.523,360.0,359.1
2026-09-03T18:08:24.840,79.636,360.0,359.2
2026-09-03T18:08:24.935,79.731,360.0,359.2
2026-09-03T18:08:25.032,79.827,360.0,359.2
2026-09-03T18:08:25.138,79.934,360.0,359.2
2026-09-03T18:08:25.257,80.053,360.0,359.2
2026-09-03T18:08:25.337,80.133,360.0,0.7
2026-09-03T18:08:25.443,80.239,360.0,4.0
2026-09-03T18:08:25.703,80.499,360.0,6.5
2026-09-03T18:08:25.757,80.552,359.1,15.6
2026-09-03T18:08:25.965,80.760,360.0,17.6
2026-09-03T18:08:26.017,80.813,360.0,18.5
2026-09-03T18:08:26.229,81.025,360.0,18.5
2026-09-03T18:08:26.269,81.064,360.0,20.7
2026-09-03T18:08:26.513,81.308,360.0,21.0
2026-09-03T18:08:26.555,81.351,360.0,42.7
2026-09-03T18:08:26.774,81.569,360.0,53.1
2026-09-03T18:08:26.810,81.605,360.0,57.0
2026-09-03T18:08:26.847,81.642,360.0,57.6
2026-09-03T18:08:27.048,81.843,360.0,57.6
2026-09-03T18:08:27.093,81.888,360.0,58.3
2026-09-03T18:08:27.301,82.096,358.3,58.3
2026-09-03T18:08:27.343,82.139,359.9,57.4
2026-09-03T18:08:27.567,82.362,360.0,57.4
2026-09-03T18:08:27.607,82.403,360.0,58.4
2026-09-03T18:08:27.647,82.443,360.0,58.7
2026-09-03T18:08:27.827,82.623,360.0,61.7
2026-09-03T18:08:27.868,82.663,360.0,64.6
2026-09-03T18:08:28.104,82.900,360.0,64.8
2026-09-03T18:08:28.154,82.950,360.0,72.6
2026-09-03T18:08:28.360,83.155,360.0,76.4
2026-09-03T18:08:28.410,83.205,360.0,80.2
2026-09-03T18:08:28.613,83.409,360.0,82.0
2026-09-03T18:08:28.672,83.467,360.0,88.7
2026-09-03T18:08:28.904,83.699,360.0,89.6
2026-09-03T18:08:28.946,83.742,360.0,89.6
2026-09-03T18:08:29.175,83.971,360.0,89.6
2026-09-03T18:08:29.223,84.019,360.0,89.6
2026-09-03T18:08:29.447,84.242,360.0,89.6
2026-09-03T18:08:29.496,84.292,360.0,83.8
2026-09-03T18:08:29.705,84.501,360.0,83.8
2026-09-03T18:08:29.753,84.548,360.0,83.8
2026-09-03T18:08:29.997,84.792,359.9,83.9
2026-09-03T18:08:30.041,84.836,360.0,82.0
2026-09-03T18:08:30.258,85.054,360.0,86.5
2026-09-03T18:08:30.302,85.097,360.0,91.9
2026-09-03T18:08:30.470,85.265,360.0,93.7
2026-09-03T18:08:30.521,85.317,360.0,106.4
2026-09-03T18:08:30.729,85.524,360.0,114.1
2026-09-03T18:08:30.795,85.590,360.0,118.0
2026-09-03T18:08:30.839,85.634,360.0,119.5
2026-09-03T18:08:30.967,85.762,360.0,120.5
2026-09-03T18:08:31.035,85.831,360.0,121.3
2026-09-03T18:08:31.155,85.951,360.0,123.1
2026-09-03T18:08:31.242,86.037,360.0,124.5
2026-09-03T18:08:31.345,86.141,360.0,127.0
2026-09-03T18:08:31.444,86.239,360.0,130.9
2026-09-03T18:08:31.541,86.336,360.0,136.5
2026-09-03T18:08:31.692,86.487,360.0,137.0
2026-09-03T18:08:31.739,86.534,360.0,137.0
2026-09-03T18:08:31.855,86.651,360.0,137.1
2026-09-03T18:08:31.951,86.746,360.0,141.9
2026-09-03T18:08:32.039,86.834,360.0,147.4
2026-09-03T18:08:32.146,86.941,360.0,153.0
2026-09-03T18:08:32.233,87.029,360.0,156.0
2026-09-03T18:08:32.346,87.142,359.9,157.0
2026-09-03T18:08:32.429,87.225,360.0,159.0
2026-09-03T18:08:32.540,87.335,360.0,159.2
2026-09-03T18:08:32.644,87.439,360.0,159.4
2026-09-03T18:08:32.731,87.526,360.0,163.1
2026-09-03T18:08:32.828,87.623,360.0,172.2
2026-09-03T18:08:32.949,87.744,360.0,173.3
2026-09-03T18:08:33.031,87.826,360.0,173.2
2026-09-03T18:08:33.144,87.939,360.0,173.2
2026-09-03T18:08:33.227,88.022,360.0,173.2
2026-09-03T18:08:33.332,88.127,360.0,174.1
2026-09-03T18:08:33.445,88.240,360.0,174.1
2026-09-03T18:08:33.535,88.330,360.0,176.9
2026-09-03T18:08:33.654,88.450,360.0,179.1
2026-09-03T18:08:33.744,88.539,360.0,180.0
2026-09-03T18:08:33.850,88.646,360.0,180.1
2026-09-03T18:08:33.950,88.746,360.0,180.1
2026-09-03T18:08:34.055,88.851,360.0,180.1
2026-09-03T18:08:34.172,88.968,360.0,180.1
2026-09-03T18:08:34.242,89.038,360.0,180.1
2026-09-03T18:08:34.334,89.130,360.0,180.1
2026-09-03T18:08:34.466,89.261,360.0,180.3
2026-09-03T18:08:34.524,89.320,360.0,180.3
2026-09-03T18:08:34.628,89.424,360.0,186.5
2026-09-03T18:08:34.755,89.550,359.9,192.5
2026-09-03T18:08:34.839,89.635,360.0,203.1
2026-09-03T18:08:34.958,89.754,360.0,213.5
2026-09-03T18:08:35.046,89.841,360.0,221.7
2026-09-03T18:08:35.134,89.930,360.0,232.7
2026-09-03T18:08:35.235,90.031,360.0,232.7
2026-09-03T18:08:35.337,90.132,359.3,232.4
2026-09-03T18:08:35.441,90.236,360.0,232.4
2026-09-03T18:08:35.548,90.343,360.0,232.4
2026-09-03T18:08:35.639,90.434,360.0,232.6
2026-09-03T18:08:35.735,90.531,360.0,235.4
2026-09-03T18:08:35.849,90.644,360.0,243.7
2026-09-03T18:08:35.941,90.737,360.0,249.4
2026-09-03T18:08:36.051,90.846,360.0,254.9
2026-09-03T18:08:36.141,90.936,360.0,260.1
2026-09-03T18:08:36.247,91.043,360.0,262.2
2026-09-03T18:08:36.328,91.123,360.0,264.6
2026-09-03T18:08:36.451,91.247,360.0,265.4
2026-09-03T18:08:36.531,91.327,360.0,265.4
2026-09-03T18:08:36.656,91.451,360.0,265.8
2026-09-03T18:08:36.744,91.539,360.0,267.0
2026-09-03T18:08:36.827,91.623,360.0,267.0
2026-09-03T18:08:36.943,91.739,360.0,267.0
2026-09-03T18:08:37.039,91.835,360.0,267.7
2026-09-03T18:08:37.142,91.937,360.0,267.7
2026-09-03T18:08:37.245,92.041,360.0,267.8
2026-09-03T18:08:37.329,92.124,360.0,267.8
2026-09-03T18:08:37.454,92.250,360.0,267.5
2026-09-03T18:08:37.557,92.352,360.0,267.5
2026-09-03T18:08:37.650,92.445,360.0,265.3
2026-09-03T18:08:37.734,92.529,360.0,265.3
2026-09-03T18:08:37.844,92.640,360.0,265.5
2026-09-03T18:08:37.955,92.751,360.0,268.0
2026-09-03T18:08:38.040,92.835,360.0,277.8
2026-09-03T18:08:38.168,92.964,359.1,284.3
2026-09-03T18:08:38.262,93.057,360.0,290.5
2026-09-03T18:08:38.357,93.153,360.0,297.8
2026-09-03T18:08:38.457,93.252,360.0,301.2
2026-09-03T18:08:38.549,93.344,360.0,304.8
2026-09-03T18:08:38.632,93.427,360.0,312.1
2026-09-03T18:08:38.727,93.522,360.0,317.1
2026-09-03T18:08:38.828,93.623,359.5,317.1
2026-09-03T18:08:38.959,93.755,360.0,317.1
2026-09-03T18:08:39.029,93.824,360.0,317.1
2026-09-03T18:08:39.139,93.935,360.0,317.1
2026-09-03T18:08:39.248,94.043,360.0,317.1
2026-09-03T18:08:39.335,94.131,360.0,317.1
2026-09-03T18:08:39.441,94.236,360.0,318.0
2026-09-03T18:08:39.540,94.336,360.0,321.2
2026-09-03T18:08:39.696,94.491,360.0,330.5
2026-09-03T18:08:39.742,94.537,360.0,335.2
2026-09-03T18:08:39.844,94.640,360.0,335.9
2026-09-03T18:08:39.937,94.733,360.0,338.4
2026-09-03T18:08:40.045,94.841,360.0,339.6
2026-09-03T18:08:40.150,94.945,360.0,339.7
2026-09-03T18:08:40.237,95.032,360.0,341.9
2026-09-03T18:08:40.341,95.136,360.0,343.5
2026-09-03T18:08:40.448,95.244,360.0,346.0
2026-09-03T18:08:40.525,95.321,360.0,347.1
2026-09-03T18:08:40.634,95.430,360.0,347.1
2026-09-03T18:08:40.753,95.548,360.0,347.1
2026-09-03T18:08:40.863,95.659,360.0,349.5
2026-09-03T18:08:40.928,95.723,360.0,350.8
2026-09-03T18:08:41.044,95.840,360.0,354.6
2026-09-03T18:08:41.141,95.936,360.0,354.7
2026-09-03T18:08:41.237,96.033,360.0,356.2
2026-09-03T18:08:41.351,96.146,360.0,356.9
2026-09-03T18:08:41.442,96.237,360.0,356.9
2026-09-03T18:08:41.545,96.340,360.0,358.2
2026-09-03T18:08:41.629,96.424,360.0,358.2
2026-09-03T18:08:41.764,96.560,360.0,359.4
2026-09-03T18:08:41.836,96.631,360.0,0.1
2026-09-03T18:08:41.944,96.740,360.0,0.1
2026-09-03T18:08:42.042,96.838,360.0,0.1
2026-09-03T18:08:42.157,96.952,360.0,0.1
2026-09-03T18:08:42.288,97.083,360.0,0.1
2026-09-03T18:08:42.341,97.137,360.0,359.7
2026-09-03T18:08:42.443,97.239,360.0,358.6
2026-09-03T18:08:42.546,97.342,360.0,358.6
2026-09-03T18:08:42.644,97.439,360.0,358.6
2026-09-03T18:08:42.740,97.536,360.0,358.6
2026-09-03T18:08:42.858,97.653,360.0,358.6
2026-09-03T18:08:42.946,97.742,360.0,358.6
2026-09-03T18:08:43.028,97.823,360.0,358.6
2026-09-03T18:08:43.127,97.923,360.0,358.6
2026-09-03T18:08:43.244,98.040,360.0,358.6
2026-09-03T18:08:43.345,98.140,360.0,358.6
2026-09-03T18:08:43.427,98.222,360.0,358.6
2026-09-03T18:08:43.533,98.329,360.0,358.6
2026-09-03T18:08:43.628,98.424,360.0,358.6
2026-09-03T18:08:43.726,98.522,360.0,358.6
2026-09-03T18:08:43.833,98.628,360.0,358.6
2026-09-03T18:08:43.927,98.722,360.0,358.6
2026-09-03T18:08:44.030,98.825,360.0,358.6
2026-09-03T18:08:44.135,98.931,360.0,358.6
2026-09-03T18:08:44.245,99.041,360.0,358.6
2026-09-03T18:08:44.337,99.132,360.0,358.6
2026-09-03T18:08:44.436,99.231,360.0,358.6
2026-09-03T18:08:44.537,99.332,360.0,358.6
2026-09-03T18:08:44.641,99.437,360.0,358.6
2026-09-03T18:08:44.747,99.543,360.0,358.6
2026-09-03T18:08:44.832,99.627,360.0,358.6
2026-09-03T18:08:44.955,99.750,360.0,358.6
2026-09-03T18:08:45.024,99.819,360.0,358.6
2026-09-03T18:08:45.137,99.932,360.0,358.6
2026-09-03T18:08:45.242,100.038,360.0,358.6
2026-09-03T18:08:45.350,100.146,360.0,358.6
2026-09-03T18:08:45.430,100.226,360.0,358.6
2026-09-03T18:08:45.529,100.325,360.0,358.6
2026-09-03T18:08:45.637,100.432,360.0,358.6
2026-09-03T18:08:45.744,100.539,360.0,358.6
2026-09-03T18:08:45.836,100.631,360.0,358.6
2026-09-03T18:08:45.935,100.731,360.0,358.6
2026-09-03T18:08:46.046,100.842,360.0,358.6
2026-09-03T18:08:46.132,100.928,360.0,358.6
2026-09-03T18:08:46.245,101.041,360.0,358.6
2026-09-03T18:08:46.329,101.124,360.0,358.6
2026-09-03T18:08:46.439,101.235,360.0,358.6
2026-09-03T18:08:46.556,101.352,360.0,358.6
2026-09-03T18:08:46.661,101.456,360.0,358.6
2026-09-03T18:08:46.743,101.539,360.0,358.6
2026-09-03T18:08:46.848,101.644,360.0,358.6
2026-09-03T18:08:46.939,101.735,360.0,358.6
2026-09-03T18:08:47.054,101.849,360.0,358.6
2026-09-03T18:08:47.132,101.928,360.0,358.6
2026-09-03T18:08:47.258,102.054,360.0,358.6
2026-09-03T18:08:47.351,102.147,360.0,358.6
2026-09-03T18:08:47.428,102.223,360.0,358.6
2026-09-03T18:08:47.566,102.362,360.0,358.6
2026-09-03T18:08:47.641,102.437,360.0,358.6
2026-09-03T18:08:47.735,102.531,360.0,358.6
2026-09-03T18:08:47.869,102.664,360.0,358.6
2026-09-03T18:08:47.926,102.722,360.0,358.6
2026-09-03T18:08:48.029,102.824,360.0,358.6
2026-09-03T18:08:48.130,102.925,360.0,358.6
2026-09-03T18:08:48.227,103.022,360.0,358.6
2026-09-03T18:08:48.327,103.123,360.0,358.6
2026-09-03T18:08:48.428,103.223,360.0,358.6
2026-09-03T18:08:48.537,103.333,360.0,358.6
2026-09-03T18:08:48.640,103.435,360.0,358.6
2026-09-03T18:08:48.740,103.536,360.0,358.6
2026-09-03T18:08:48.838,103.633,360.0,358.6
2026-09-03T18:08:48.948,103.743,359.2,358.6
2026-09-03T18:08:49.046,103.841,360.0,358.6
2026-09-03T18:08:49.132,103.928,360.0,358.6
2026-09-03T18:08:49.236,104.032,360.0,358.6
2026-09-03T18:08:49.341,104.136,360.0,358.6
2026-09-03T18:08:49.437,104.233,360.0,358.6
2026-09-03T18:08:49.550,104.346,360.0,358.6
2026-09-03T18:08:49.625,104.420,359.5,358.6
2026-09-03T18:08:49.725,104.520,360.0,358.6
2026-09-03T18:08:49.828,104.623,360.0,358.6
2026-09-03T18:08:49.939,104.734,360.0,358.6
2026-09-03T18:08:50.061,104.857,360.0,358.6
2026-09-03T18:08:50.143,104.938,360.0,358.6
2026-09-03T18:08:50.232,105.027,359.9,358.6
2026-09-03T18:08:50.328,105.124,360.0,358.6
2026-09-03T18:08:50.438,105.234,360.0,358.6
2026-09-03T18:08:50.536,105.331,360.0,358.6
2026-09-03T18:08:50.640,105.435,360.0,358.6
2026-09-03T18:08:50.742,105.538,360.0,358.6
2026-09-03T18:08:50.844,105.639,360.0,358.6
2026-09-03T18:08:50.942,105.737,360.0,358.6
2026-09-03T18:08:51.043,105.839,360.0,358.6
2026-09-03T18:08:51.156,105.951,360.0,358.6
2026-09-03T18:08:51.255,106.050,360.0,358.6
2026-09-03T18:08:51.354,106.150,360.0,358.6
2026-09-03T18:08:51.441,106.237,360.0,358.6
2026-09-03T18:08:51.560,106.356,360.0,358.6
2026-09-03T18:08:51.792,106.588,360.0,358.6
2026-09-03T18:08:51.826,106.622,360.0,358.6
2026-09-03T18:08:52.045,106.841,360.0,358.6
2026-09-03T18:08:52.091,106.887,360.0,358.6
2026-09-03T18:08:52.294,107.090,360.0,358.6
2026-09-03T18:08:52.349,107.144,360.0,358.6
2026-09-03T18:08:52.579,107.375,360.0,358.6
2026-09-03T18:08:52.632,107.428,360.0,358.6
2026-09-03T18:08:52.843,107.638,360.0,358.6
2026-09-03T18:08:52.891,107.686,360.0,358.6
2026-09-03T18:08:53.103,107.899,360.0,358.6
2026-09-03T18:08:53.152,107.947,360.0,358.6
2026-09-03T18:08:53.370,108.165,360.0,358.6
2026-09-03T18:08:53.404,108.200,360.0,358.6
2026-09-03T18:08:53.609,108.404,360.0,358.6
2026-09-03T18:08:53.664,108.459,360.0,358.6
2026-09-03T18:08:53.899,108.694,360.0,358.6
2026-09-03T18:08:53.948,108.743,360.0,358.6
2026-09-03T18:08:54.173,108.969,360.0,358.6
2026-09-03T18:08:54.225,109.020,360.0,358.6
2026-09-03T18:08:54.427,109.223,360.0,358.6
2026-09-03T18:08:54.469,109.265,360.0,358.6
2026-09-03T18:08:54.708,109.503,360.0,358.6
2026-09-03T18:08:54.756,109.551,360.0,358.6
2026-09-03T18:08:54.971,109.766,360.0,358.6
2026-09-03T18:08:55.015,109.811,360.0,358.6
2026-09-03T18:08:55.250,110.045,360.0,358.6
2026-09-03T18:08:55.284,110.079,360.0,358.6
2026-09-03T18:08:55.514,110.310,360.0,358.6
2026-09-03T18:08:55.554,110.349,360.0,358.6
2026-09-03T18:08:55.796,110.591,360.0,358.6
2026-09-03T18:08:55.855,110.650,360.0,358.6
2026-09-03T18:08:56.050,110.846,360.0,358.6
2026-09-03T18:08:56.091,110.887,360.0,358.6
2026-09-03T18:08:56.246,111.042,360.0,358.6
2026-09-03T18:08:56.284,111.079,360.0,358.6
2026-09-03T18:08:56.328,111.124,360.0,358.6
2026-09-03T18:08:56.515,111.310,360.0,358.6
2026-09-03T18:08:56.561,111.357,360.0,358.6
2026-09-03T18:08:56.787,111.583,360.0,358.6
2026-09-03T18:08:56.828,111.624,360.0,358.6
2026-09-03T18:08:56.927,111.722,360.0,358.6
2026-09-03T18:08:57.027,111.822,360.0,358.6
2026-09-03T18:08:57.132,111.928,360.0,358.6
2026-09-03T18:08:57.231,112.027,360.0,358.6
2026-09-03T18:08:57.335,112.130,360.0,358.6
2026-09-03T18:08:57.438,112.233,360.0,358.6
2026-09-03T18:08:57.536,112.331,360.0,358.6
2026-09-03T18:08:57.637,112.432,360.0,358.6
2026-09-03T18:08:57.758,112.553,360.0,358.6
2026-09-03T18:08:57.841,112.636,360.0,358.6
2026-09-03T18:08:57.962,112.758,360.0,358.6
2026-09-03T18:08:58.055,112.850,360.0,358.6
2026-09-03T18:08:58.161,112.956,360.0,358.6
2026-09-03T18:08:58.248,113.044,360.0,358.6
2026-09-03T18:08:58.330,113.126,360.0,358.6
2026-09-03T18:08:58.451,113.246,360.0,358.6
2026-09-03T18:08:58.536,113.331,360.0,358.6
2026-09-03T18:08:58.649,113.445,360.0,358.6
2026-09-03T18:08:58.734,113.529,360.0,358.6
2026-09-03T18:08:58.839,113.635,360.0,358.6
2026-09-03T18:08:58.935,113.731,360.0,358.6
2026-09-03T18:08:59.052,113.847,360.0,358.6
2026-09-03T18:08:59.136,113.932,360.0,358.6
2026-09-03T18:08:59.265,114.060,360.0,358.6
2026-09-03T18:08:59.335,114.131,360.0,358.6
2026-09-03T18:08:59.453,114.249,360.0,358.6
2026-09-03T18:08:59.556,114.351,360.0,358.6
2026-09-03T18:08:59.639,114.434,360.0,358.6
2026-09-03T18:08:59.747,114.543,360.0,358.6
2026-09-03T18:08:59.829,114.625,360.0,358.6
2026-09-03T18:08:59.941,114.736,360.0,358.6
2026-09-03T18:09:00.034,114.830,360.0,358.6
2026-09-03T18:09:00.150,114.946,360.0,358.6
2026-09-03T18:09:00.241,115.036,360.0,358.6
2026-09-03T18:09:00.325,115.121,360.0,358.6
2026-09-03T18:09:00.426,115.221,360.0,358.6
2026-09-03T18:09:00.528,115.324,360.0,358.6
2026-09-03T18:09:00.629,115.425,360.0,358.6
2026-09-03T18:09:00.739,115.535,360.0,358.6
2026-09-03T18:09:00.838,115.633,360.0,358.6
2026-09-03T18:09:00.944,115.739,360.0,358.6
2026-09-03T18:09:01.032,115.828,360.0,358.6
2026-09-03T18:09:01.142,115.937,360.0,358.6
2026-09-03T18:09:01.229,116.024,360.0,358.6
2026-09-03T18:09:01.349,116.144,360.0,358.6
2026-09-03T18:09:01.440,116.236,360.0,358.6
2026-09-03T18:09:01.541,116.336,360.0,358.6
2026-09-03T18:09:01.644,116.439,360.0,358.6
2026-09-03T18:09:01.727,116.522,360.0,358.6
2026-09-03T18:09:01.831,116.626,360.0,358.6
2026-09-03T18:09:01.931,116.727,360.0,358.6
2026-09-03T18:09:02.034,116.830,360.0,358.6
2026-09-03T18:09:02.142,116.938,360.0,358.6
2026-09-03T18:09:02.228,117.024,360.0,358.6
2026-09-03T18:09:02.327,117.122,360.0,358.6
2026-09-03T18:09:02.436,117.231,360.0,358.6
2026-09-03T18:09:02.546,117.342,360.0,358.6
2026-09-03T18:09:02.792,117.588,360.0,358.6
2026-09-03T18:09:02.842,117.637,360.0,358.6
2026-09-03T18:09:03.064,117.859,360.0,358.6
2026-09-03T18:09:03.118,117.914,360.0,358.6
2026-09-03T18:09:03.328,118.123,360.0,358.6
2026-09-03T18:09:03.369,118.165,360.0,358.6
2026-09-03T18:09:03.594,118.390,360.0,358.6
2026-09-03T18:09:03.643,118.439,360.0,358.6
2026-09-03T18:09:03.877,118.672,349.9,358.6
2026-09-03T18:09:03.925,118.721,267.5,358.6
2026-09-03T18:09:04.131,118.926,248.6,358.6
2026-09-03T18:09:04.183,118.979,180.0,358.6
2026-09-03T18:09:04.372,119.168,170.9,358.6
2026-09-03T18:09:04.428,119.223,174.1,358.6
2026-09-03T18:09:04.464,119.260,171.6,358.6
2026-09-03T18:09:04.655,119.451,170.5,358.6
2026-09-03T18:09:04.698,119.493,158.4,358.6
2026-09-03T18:09:04.909,119.705,150.3,358.6
2026-09-03T18:09:04.948,119.744,118.4,358.6
2026-09-03T18:09:05.180,119.975,104.0,358.6
2026-09-03T18:09:05.214,120.009,59.1,358.6
2026-09-03T18:09:05.262,120.058,43.1,358.6
2026-09-03T18:09:05.460,120.256,22.5,358.6
2026-09-03T18:09:05.492,120.287,0.0,358.6
2026-09-03T18:09:05.702,120.497,0.0,358.6
2026-09-03T18:09:05.778,120.573,0.0,358.6
2026-09-03T18:09:05.994,120.789,0.0,358.6
2026-09-03T18:09:06.039,120.834,0.0,358.6
2026-09-03T18:09:06.257,121.053,0.0,358.6
2026-09-03T18:09:06.297,121.092,0.0,358.6
2026-09-03T18:09:06.507,121.302,0.0,358.6
2026-09-03T18:09:06.557,121.352,0.0,358.6
2026-09-03T18:09:06.812,121.607,0.0,358.6
2026-09-03T18:09:06.868,121.664,0.0,358.6
2026-09-03T18:09:07.069,121.864,0.0,358.6
2026-09-03T18:09:07.116,121.912,0.0,358.6
2026-09-03T18:09:07.302,122.098,0.0,358.6
2026-09-03T18:09:07.375,122.170,0.0,358.6
2026-09-03T18:09:07.647,122.442,0.0,358.6
2026-09-03T18:09:07.687,122.482,0.0,358.6
2026-09-03T18:09:07.735,122.531,0.0,358.6
2026-09-03T18:09:07.844,122.639,0.0,358.6
2026-09-03T18:09:07.960,122.755,0.0,358.6
2026-09-03T18:09:08.046,122.841,0.0,358.6
2026-09-03T18:09:08.136,122.931,0.0,358.6
2026-09-03T18:09:08.246,123.042,0.0,358.6
2026-09-03T18:09:08.337,123.133,0.0,358.6
2026-09-03T18:09:08.446,123.242,0.0,358.6
2026-09-03T18:09:08.536,123.332,0.0,358.6
2026-09-03T18:09:08.647,123.443,0.0,358.6
2026-09-03T18:09:08.727,123.522,0.0,358.6
2026-09-03T18:09:08.841,123.636,0.0,358.6
2026-09-03T18:09:08.940,123.736,0.0,358.6
2026-09-03T18:09:09.047,123.842,0.0,358.6
2026-09-03T18:09:09.128,123.923,0.0,358.6
2026-09-03T18:09:09.231,124.026,0.0,358.6
2026-09-03T18:09:09.334,124.130,0.0,358.6
2026-09-03T18:09:09.443,124.238,0.0,358.6
2026-09-03T18:09:09.538,124.333,0.0,358.6
2026-09-03T18:09:09.639,124.434,0.0,358.6
2026-09-03T18:09:09.736,124.532,0.0,358.6
2026-09-03T18:09:09.838,124.634,0.0,358.6
2026-09-03T18:09:09.935,124.730,0.0,358.6
2026-09-03T18:09:10.053,124.848,0.0,358.6
2026-09-03T18:09:10.152,124.948,0.0,358.6
2026-09-03T18:09:10.235,125.031,0.0,358.6
2026-09-03T18:09:10.336,125.131,0.0,358.6
2026-09-03T18:09:10.454,125.249,0.0,358.6
2026-09-03T18:09:10.552,125.347,0.0,358.6
2026-09-03T18:09:10.649,125.444,0.0,358.6
2026-09-03T18:09:10.731,125.526,0.0,358.6
2026-09-03T18:09:10.840,125.635,0.0,358.6
2026-09-03T18:09:10.945,125.740,0.0,358.6
2026-09-03T18:09:11.039,125.834,0.0,358.6
2026-09-03T18:09:11.149,125.945,0.0,358.6
2026-09-03T18:09:11.237,126.032,0.0,358.6
2026-09-03T18:09:11.361,126.156,0.0,358.6
2026-09-03T18:09:11.443,126.238,0.0,358.6
2026-09-03T18:09:11.532,126.327,0.0,358.6
2026-09-03T18:09:11.649,126.445,0.0,358.6
2026-09-03T18:09:11.741,126.537,0.0,358.6
2026-09-03T18:09:11.829,126.625,0.0,358.6
2026-09-03T18:09:11.951,126.747,0.0,358.6
2026-09-03T18:09:12.047,126.842,0.0,358.6
2026-09-03T18:09:12.140,126.935,0.0,358.6
2026-09-03T18:09:12.242,127.037,0.0,358.6
2026-09-03T18:09:12.346,127.142,0.0,358.6
2026-09-03T18:09:12.433,127.228,0.0,358.6
2026-09-03T18:09:12.551,127.347,0.0,358.6
2026-09-03T18:09:12.653,127.449,0.0,358.6
2026-09-03T18:09:12.740,127.535,0.0,358.6
2026-09-03T18:09:12.869,127.665,0.0,358.6
2026-09-03T18:09:12.937,127.732,0.0,358.6
2026-09-03T18:09:13.032,127.828,0.0,358.6
2026-09-03T18:09:13.131,127.927,0.0,358.6
2026-09-03T18:09:13.243,128.038,0.0,358.6
2026-09-03T18:09:13.336,128.132,0.0,358.6
2026-09-03T18:09:13.444,128.240,0.0,358.6
2026-09-03T18:09:13.528,128.324,0.0,358.6
2026-09-03T18:09:13.627,128.423,0.0,358.6
2026-09-03T18:09:13.752,128.547,0.0,358.6
2026-09-03T18:09:13.840,128.635,0.0,358.6
2026-09-03T18:09:13.976,128.772,0.0,358.6
2026-09-03T18:09:14.035,128.831,0.0,358.6
2026-09-03T18:09:14.146,128.942,0.0,358.6
2026-09-03T18:09:14.225,129.021,0.0,358.6
2026-09-03T18:09:14.351,129.147,0.0,358.6
2026-09-03T18:09:14.452,129.248,0.0,358.6
2026-09-03T18:09:14.560,129.355,0.0,358.6
2026-09-03T18:09:14.635,129.430,0.0,358.6
2026-09-03T18:09:14.744,129.539,0.0,358.6
2026-09-03T18:09:14.835,129.631,0.0,358.6
2026-09-03T18:09:14.937,129.733,0.0,358.6
2026-09-03T18:09:15.043,129.839,0.0,358.6
2026-09-03T18:09:15.125,129.921,0.0,358.6
2026-09-03T18:09:15.235,130.030,0.0,358.6
2026-09-03T18:09:15.341,130.137,0.0,358.6
2026-09-03T18:09:15.443,130.238,0.0,358.6
2026-09-03T18:09:15.540,130.335,0.0,358.6
2026-09-03T18:09:15.639,130.434,0.0,358.6
2026-09-03T18:09:15.750,130.546,0.0,358.6
2026-09-03T18:09:15.844,130.640,0.0,358.6
2026-09-03T18:09:15.926,130.722,0.0,358.6
2026-09-03T18:09:16.030,130.825,0.0,358.6
2026-09-03T18:09:16.151,130.946,0.0,358.6
2026-09-03T18:09:16.236,131.031,0.0,358.6
2026-09-03T18:09:16.336,131.132,0.0,358.6
2026-09-03T18:09:16.434,131.230,0.0,358.6
2026-09-03T18:09:16.554,131.349,0.0,358.6
2026-09-03T18:09:16.636,131.432,0.0,358.6
2026-09-03T18:09:16.743,131.538,0.0,358.6
2026-09-03T18:09:16.843,131.639,0.0,358.6
2026-09-03T18:09:16.927,131.722,0.0,358.6
2026-09-03T18:09:17.030,131.826,0.0,358.6
2026-09-03T18:09:17.136,131.931,0.0,358.6
2026-09-03T18:09:17.241,132.037,0.0,358.6
2026-09-03T18:09:17.337,132.133,0.0,358.6
2026-09-03T18:09:17.440,132.236,0.0,358.6
2026-09-03T18:09:17.526,132.322,0.0,358.6
2026-09-03T18:09:17.630,132.425,0.0,358.6
2026-09-03T18:09:17.748,132.543,0.0,358.6
2026-09-03T18:09:17.826,132.621,0.0,358.6
2026-09-03T18:09:17.938,132.734,0.0,358.6
2026-09-03T18:09:18.034,132.830,0.0,358.6
2026-09-03T18:09:18.138,132.933,0.0,358.6
2026-09-03T18:09:18.240,133.036,1.7,358.6
2026-09-03T18:09:18.334,133.129,9.3,358.6
2026-09-03T18:09:18.435,133.231,13.6,358.6
2026-09-03T18:09:18.540,133.335,19.1,358.6
2026-09-03T18:09:18.635,133.430,23.7,358.6
2026-09-03T18:09:18.739,133.535,23.1,358.6
2026-09-03T18:09:18.835,133.630,29.4,358.6
2026-09-03T18:09:18.943,133.738,35.5,358.6
2026-09-03T18:09:19.029,133.824,40.3,358.6
2026-09-03T18:09:19.133,133.929,44.2,358.6
2026-09-03T18:09:19.228,134.024,49.2,358.6
2026-09-03T18:09:19.337,134.132,53.8,358.6
2026-09-03T18:09:19.440,134.235,60.5,358.6
2026-09-03T18:09:19.536,134.331,64.0,358.6
2026-09-03T18:09:19.640,134.435,67.7,358.6
2026-09-03T18:09:19.737,134.533,70.2,358.6
2026-09-03T18:09:19.835,134.631,74.5,358.6
2026-09-03T18:09:19.955,134.751,78.0,358.6
2026-09-03T18:09:20.045,134.841,85.2,358.6
2026-09-03T18:09:20.134,134.930,90.3,358.6
2026-09-03T18:09:20.249,135.045,95.7,358.6
2026-09-03T18:09:20.344,135.140,99.2,358.6
2026-09-03T18:09:20.430,135.226,106.6,358.6
2026-09-03T18:09:20.549,135.344,114.2,358.6
2026-09-03T18:09:20.632,135.427,122.2,358.6
2026-09-03T18:09:20.750,135.545,130.1,358.6
2026-09-03T18:09:20.828,135.624,132.5,358.6
2026-09-03T18:09:20.944,135.740,141.5,358.6
2026-09-03T18:09:21.035,135.831,147.9,358.6
2026-09-03T18:09:21.153,135.948,155.3,358.6
2026-09-03T18:09:21.238,136.034,160.7,358.6
2026-09-03T18:09:21.341,136.137,161.7,358.6
2026-09-03T18:09:21.428,136.223,163.1,358.6
2026-09-03T18:09:21.526,136.322,161.7,358.6
2026-09-03T18:09:21.624,136.420,161.8,358.6
2026-09-03T18:09:21.732,136.528,163.1,358.6
2026-09-03T18:09:21.845,136.641,165.2,358.6
2026-09-03T18:09:21.926,136.722,170.3,358.6
2026-09-03T18:09:22.031,136.827,177.0,358.6
2026-09-03T18:09:22.137,136.933,188.2,358.6
2026-09-03T18:09:22.245,137.040,200.0,358.6
2026-09-03T18:09:22.331,137.126,208.6,358.6
2026-09-03T18:09:22.448,137.244,217.6,358.6
2026-09-03T18:09:22.526,137.322,229.0,358.6
2026-09-03T18:09:22.639,137.434,241.8,358.6
2026-09-03T18:09:22.740,137.536,252.1,358.6
2026-09-03T18:09:22.841,137.636,261.6,358.6
2026-09-03T18:09:22.931,137.727,272.0,358.6
2026-09-03T18:09:23.049,137.844,286.5,358.6
2026-09-03T18:09:23.133,137.929,297.7,358.6
2026-09-03T18:09:23.235,138.030,309.7,358.6
2026-09-03T18:09:23.343,138.138,324.3,358.6
2026-09-03T18:09:23.430,138.226,339.5,358.6
2026-09-03T18:09:23.533,138.328,346.9,358.6
2026-09-03T18:09:23.633,138.429,360.0,358.6
2026-09-03T18:09:23.743,138.538,360.0,358.6
2026-09-03T18:09:23.847,138.642,360.0,358.6
2026-09-03T18:09:23.936,138.732,360.0,358.6
2026-09-03T18:09:24.037,138.833,359.4,358.6
2026-09-03T18:09:24.149,138.945,360.0,358.6
2026-09-03T18:09:24.236,139.032,360.0,358.6
2026-09-03T18:09:24.356,139.152,360.0,358.6
2026-09-03T18:09:24.444,139.240,360.0,358.6
2026-09-03T18:09:24.537,139.332,360.0,358.6
2026-09-03T18:09:24.639,139.435,360.0,358.6
2026-09-03T18:09:24.744,139.540,360.0,358.6
2026-09-03T18:09:24.837,139.632,360.0,358.6
2026-09-03T18:09:24.958,139.753,360.0,358.6
2026-09-03T18:09:25.037,139.832,360.0,358.6
2026-09-03T18:09:25.151,139.946,357.6,358.6
2026-09-03T18:09:25.233,140.029,360.0,358.6
2026-09-03T18:09:25.380,140.175,360.0,358.6
2026-09-03T18:09:25.429,140.224,360.0,358.6
2026-09-03T18:09:25.522,140.318,360.0,358.6
2026-09-03T18:09:25.624,140.419,360.0,358.6
2026-09-03T18:09:25.758,140.553,360.0,358.6
2026-09-03T18:09:25.848,140.643,360.0,358.6
2026-09-03T18:09:25.924,140.719,360.0,358.6
2026-09-03T18:09:26.029,140.824,360.0,358.6
2026-09-03T18:09:26.157,140.953,360.0,358.6
2026-09-03T18:09:26.271,141.067,360.0,358.6
2026-09-03T18:09:26.353,141.148,360.0,359.6
2026-09-03T18:09:26.432,141.228,360.0,0.4
2026-09-03T18:09:26.543,141.339,360.0,1.8
2026-09-03T18:09:26.642,141.437,360.0,3.7
2026-09-03T18:09:26.731,141.526,360.0,8.1
2026-09-03T18:09:26.832,141.627,360.0,10.5
2026-09-03T18:09:26.953,141.748,360.0,17.2
2026-09-03T18:09:27.031,141.827,360.0,20.7
2026-09-03T18:09:27.130,141.926,360.0,25.0
2026-09-03T18:09:27.243,142.038,360.0,28.0
2026-09-03T18:09:27.333,142.128,360.0,30.8
2026-09-03T18:09:27.442,142.237,360.0,35.8
2026-09-03T18:09:27.531,142.326,360.0,37.5
2026-09-03T18:09:27.635,142.430,360.0,40.5
2026-09-03T18:09:27.738,142.534,360.0,43.0
2026-09-03T18:09:27.839,142.634,360.0,46.0
2026-09-03T18:09:27.941,142.737,360.0,49.3
2026-09-03T18:09:28.036,142.831,360.0,51.1
2026-09-03T18:09:28.140,142.936,360.0,53.0
2026-09-03T18:09:28.236,143.032,360.0,55.7
2026-09-03T18:09:28.348,143.143,360.0,58.5
2026-09-03T18:09:28.430,143.226,360.0,61.5
2026-09-03T18:09:28.551,143.347,360.0,64.0
2026-09-03T18:09:28.635,143.431,360.0,68.8
2026-09-03T18:09:28.756,143.551,360.0,72.3
2026-09-03T18:09:28.845,143.640,360.0,75.7
2026-09-03T18:09:28.938,143.734,360.0,80.2
2026-09-03T18:09:29.051,143.846,360.0,86.4
2026-09-03T18:09:29.136,143.932,360.0,95.4
2026-09-03T18:09:29.252,144.048,360.0,102.4
2026-09-03T18:09:29.367,144.163,360.0,106.6
2026-09-03T18:09:29.447,144.243,360.0,110.1
2026-09-03T18:09:29.558,144.354,360.0,111.4
2026-09-03T18:09:29.640,144.435,360.0,111.4
2026-09-03T18:09:29.760,144.556,360.0,111.4
2026-09-03T18:09:29.826,144.621,360.0,113.9
2026-09-03T18:09:29.927,144.723,360.0,113.9
2026-09-03T18:09:30.052,144.848,360.0,113.9
2026-09-03T18:09:30.161,144.957,360.0,113.1
2026-09-03T18:09:30.224,145.020,360.0,116.1
2026-09-03T18:09:30.336,145.131,360.0,121.9
2026-09-03T18:09:30.447,145.242,360.0,135.4
2026-09-03T18:09:30.550,145.346,360.0,146.5
2026-09-03T18:09:30.635,145.430,360.0,157.8
2026-09-03T18:09:30.738,145.534,360.0,161.5
2026-09-03T18:09:30.841,145.637,360.0,167.7
2026-09-03T18:09:30.936,145.732,360.0,168.6
2026-09-03T18:09:31.037,145.832,360.0,170.9
2026-09-03T18:09:31.145,145.940,360.0,170.9
2026-09-03T18:09:31.237,146.032,360.0,170.9
2026-09-03T18:09:31.351,146.146,360.0,170.2
2026-09-03T18:09:31.425,146.220,360.0,170.2
2026-09-03T18:09:31.558,146.353,360.0,174.1
2026-09-03T18:09:31.634,146.429,360.0,181.6
2026-09-03T18:09:31.760,146.556,360.0,190.1
2026-09-03T18:09:31.843,146.639,360.0,200.0
2026-09-03T18:09:31.929,146.725,360.0,205.2
2026-09-03T18:09:32.031,146.827,360.0,214.4
2026-09-03T18:09:32.131,146.926,360.0,218.7
2026-09-03T18:09:32.240,147.036,360.0,228.4
2026-09-03T18:09:32.334,147.130,360.0,231.4
2026-09-03T18:09:32.437,147.232,360.0,231.4
2026-09-03T18:09:32.538,147.334,360.0,231.4
2026-09-03T18:09:32.643,147.439,360.0,233.4
2026-09-03T18:09:32.728,147.523,360.0,249.5
2026-09-03T18:09:32.832,147.628,360.0,260.2
2026-09-03T18:09:32.940,147.735,360.0,274.2
2026-09-03T18:09:33.039,147.834,360.0,280.7
2026-09-03T18:09:33.167,147.963,360.0,289.3
2026-09-03T18:09:33.232,148.027,360.0,289.8
2026-09-03T18:09:33.347,148.142,360.0,289.8
2026-09-03T18:09:33.438,148.234,360.0,289.8
2026-09-03T18:09:33.549,148.345,360.0,290.3
2026-09-03T18:09:33.634,148.429,360.0,297.3
2026-09-03T18:09:33.751,148.547,360.0,304.4
2026-09-03T18:09:33.834,148.629,360.0,310.2
2026-09-03T18:09:33.958,148.753,360.0,315.2
2026-09-03T18:09:34.030,148.826,360.0,317.6
2026-09-03T18:09:34.132,148.928,360.0,319.9
2026-09-03T18:09:34.259,149.055,360.0,328.8
2026-09-03T18:09:34.349,149.144,360.0,333.8
2026-09-03T18:09:34.437,149.233,360.0,340.0
2026-09-03T18:09:34.542,149.338,360.0,342.8
2026-09-03T18:09:34.631,149.426,360.0,343.9
2026-09-03T18:09:34.730,149.525,360.0,345.9
2026-09-03T18:09:34.837,149.632,360.0,347.9
2026-09-03T18:09:34.939,149.735,360.0,348.3
2026-09-03T18:09:35.045,149.841,360.0,348.3
2026-09-03T18:09:35.146,149.942,360.0,348.3
2026-09-03T18:09:35.243,150.039,360.0,348.2
2026-09-03T18:09:35.331,150.127,360.0,348.2
2026-09-03T18:09:35.436,150.232,360.0,348.2
2026-09-03T18:09:35.535,150.331,360.0,348.2
2026-09-03T18:09:35.637,150.433,360.0,348.2
2026-09-03T18:09:35.736,150.531,360.0,348.2
2026-09-03T18:09:35.836,150.631,360.0,348.4
2026-09-03T18:09:35.936,150.731,360.0,350.5
2026-09-03T18:09:36.046,150.842,360.0,353.7
2026-09-03T18:09:36.124,150.919,360.0,353.8
2026-09-03T18:09:36.230,151.025,360.0,356.6
2026-09-03T18:09:36.327,151.123,360.0,358.0
2026-09-03T18:09:36.432,151.227,360.0,0.2
2026-09-03T18:09:36.546,151.342,360.0,0.7
2026-09-03T18:09:36.626,151.421,360.0,0.7
2026-09-03T18:09:36.739,151.534,360.0,0.7
2026-09-03T18:09:36.835,151.631,360.0,0.7
2026-09-03T18:09:36.946,151.741,360.0,0.7
2026-09-03T18:09:37.026,151.822,360.0,0.7
2026-09-03T18:09:37.134,151.929,360.0,1.8
2026-09-03T18:09:37.240,152.036,360.0,1.8
2026-09-03T18:09:37.338,152.134,360.0,1.8
2026-09-03T18:09:37.437,152.233,360.0,1.8
2026-09-03T18:09:37.542,152.337,360.0,1.8
2026-09-03T18:09:37.651,152.446,360.0,1.8
2026-09-03T18:09:37.751,152.546,360.0,1.8
2026-09-03T18:09:37.964,152.760,360.0,1.7
2026-09-03T18:09:38.004,152.800,360.0,0.7
2026-09-03T18:09:38.213,153.008,360.0,0.7
2026-09-03T18:09:38.257,153.052,360.0,0.7
2026-09-03T18:09:38.484,153.280,360.0,0.7
2026-09-03T18:09:38.535,153.330,360.0,0.7
2026-09-03T18:09:38.776,153.572,360.0,0.7
2026-09-03T18:09:38.822,153.617,360.0,0.7
2026-09-03T18:09:39.032,153.827,360.0,0.7
2026-09-03T18:09:39.090,153.885,360.0,0.7
2026-09-03T18:09:39.305,154.100,360.0,0.7
2026-09-03T18:09:39.344,154.140,360.0,0.6
2026-09-03T18:09:39.573,154.368,360.0,0.6
2026-09-03T18:09:39.626,154.422,360.0,0.7
2026-09-03T18:09:39.817,154.613,360.0,0.7
2026-09-03T18:09:39.868,154.663,360.0,0.7
2026-09-03T18:09:40.093,154.889,360.0,0.7
2026-09-03T18:09:40.139,154.935,360.0,0.8
2026-09-03T18:09:40.355,155.150,360.0,0.8
2026-09-03T18:09:40.401,155.197,360.0,0.8
2026-09-03T18:09:40.623,155.419,360.0,0.8
2026-09-03T18:09:40.685,155.481,360.0,0.8
2026-09-03T18:09:40.909,155.704,360.0,0.8
2026-09-03T18:09:41.127,155.923,360.0,0.8
2026-09-03T18:09:41.197,155.993,360.0,0.8
2026-09-03T18:09:41.422,156.218,360.0,0.8
2026-09-03T18:09:41.475,156.271,360.0,0.8
2026-09-03T18:09:41.681,156.477,360.0,0.8
2026-09-03T18:09:41.729,156.525,360.0,0.8
2026-09-03T18:09:41.952,156.747,360.0,0.8
2026-09-03T18:09:41.997,156.792,360.0,0.8
2026-09-03T18:09:42.204,156.999,360.0,0.8
2026-09-03T18:09:42.256,157.052,360.0,0.8
2026-09-03T18:09:42.503,157.299,360.0,0.8
2026-09-03T18:09:42.555,157.351,360.0,0.8
2026-09-03T18:09:42.817,157.612,360.0,0.8
2026-09-03T18:09:42.861,157.657,360.0,0.8
2026-09-03T18:09:42.954,157.749,360.0,0.8
2026-09-03T18:09:43.040,157.836,360.0,0.8
2026-09-03T18:09:43.133,157.928,360.0,0.8
2026-09-03T18:09:43.262,158.057,360.0,0.8
2026-09-03T18:09:43.325,158.120,360.0,0.8
2026-09-03T18:09:43.428,158.223,360.0,0.8
2026-09-03T18:09:43.542,158.337,360.0,0.8
2026-09-03T18:09:43.627,158.423,360.0,0.8
2026-09-03T18:09:43.741,158.536,360.0,0.8
2026-09-03T18:09:43.849,158.644,360.0,0.8
2026-09-03T18:09:43.920,158.715,360.0,0.8
2026-09-03T18:09:44.038,158.833,360.0,0.8
2026-09-03T18:09:44.136,158.931,360.0,0.8
2026-09-03T18:09:44.241,159.037,360.0,0.8
2026-09-03T18:09:44.336,159.132,360.0,0.8
2026-09-03T18:09:44.433,159.228,360.0,0.8
2026-09-03T18:09:44.548,159.343,360.0,0.6
2026-09-03T18:09:44.632,159.428,360.0,0.6
2026-09-03T18:09:44.748,159.543,360.0,0.6
2026-09-03T18:09:44.821,159.616,360.0,0.6
2026-09-03T18:09:44.930,159.726,360.0,0.6
2026-09-03T18:09:45.046,159.841,360.0,0.6
2026-09-03T18:09:45.125,159.921,360.0,0.6
2026-09-03T18:09:45.228,160.024,360.0,0.5
2026-09-03T18:09:45.348,160.144,360.0,0.4
2026-09-03T18:09:45.432,160.228,360.0,359.4
2026-09-03T18:09:45.539,160.335,360.0,359.4
2026-09-03T18:09:45.659,160.454,360.0,359.4
2026-09-03T18:09:45.740,160.536,360.0,359.4
2026-09-03T18:09:45.833,160.628,360.0,359.4
2026-09-03T18:09:45.946,160.742,360.0,0.4
2026-09-03T18:09:46.031,160.827,360.0,0.4
2026-09-03T18:09:46.147,160.942,360.0,0.4
2026-09-03T18:09:46.237,161.032,360.0,0.4
2026-09-03T18:09:46.341,161.136,360.0,0.4
2026-09-03T18:09:46.445,161.241,360.0,0.4
2026-09-03T18:09:46.539,161.334,360.0,0.4
2026-09-03T18:09:46.647,161.443,360.0,0.4
2026-09-03T18:09:46.725,161.521,360.0,0.4
2026-09-03T18:09:46.846,161.641,360.0,0.4
2026-09-03T18:09:46.942,161.738,360.0,0.4
2026-09-03T18:09:47.024,161.820,360.0,0.4
2026-09-03T18:09:47.127,161.922,360.0,0.4
2026-09-03T18:09:47.249,162.045,360.0,0.4
2026-09-03T18:09:47.325,162.120,360.0,0.4
2026-09-03T18:09:47.429,162.224,360.0,0.4
2026-09-03T18:09:47.532,162.327,360.0,0.4
2026-09-03T18:09:47.639,162.434,360.0,0.4
2026-09-03T18:09:47.775,162.570,360.0,0.4
2026-09-03T18:09:47.843,162.638,360.0,0.4
2026-09-03T18:09:47.924,162.720,360.0,0.4
2026-09-03T18:09:48.027,162.822,360.0,0.4
2026-09-03T18:09:48.124,162.919,360.0,0.4
2026-09-03T18:09:48.225,163.020,360.0,0.4
2026-09-03T18:09:48.334,163.130,360.0,0.4
2026-09-03T18:09:48.444,163.239,360.0,0.4
2026-09-03T18:09:48.533,163.329,360.0,0.4
2026-09-03T18:09:48.641,163.437,359.9,0.4
2026-09-03T18:09:48.732,163.528,360.0,0.4
2026-09-03T18:09:48.838,163.634,360.0,0.4
2026-09-03T18:09:48.936,163.731,359.8,0.4
2026-09-03T18:09:49.036,163.832,360.0,0.4
2026-09-03T18:09:49.148,163.944,360.0,0.4
2026-09-03T18:09:49.222,164.017,360.0,0.4
2026-09-03T18:09:49.333,164.129,360.0,0.4
2026-09-03T18:09:49.441,164.236,360.0,0.4
2026-09-03T18:09:49.527,164.323,360.0,0.4
2026-09-03T18:09:49.643,164.438,360.0,0.4
2026-09-03T18:09:49.735,164.530,360.0,0.4
2026-09-03T18:09:49.838,164.633,359.8,0.4
2026-09-03T18:09:49.956,164.752,360.0,0.4
2026-09-03T18:09:50.035,164.831,360.0,0.4
2026-09-03T18:09:50.141,164.937,360.0,0.4
2026-09-03T18:09:50.247,165.043,360.0,0.4
2026-09-03T18:09:50.340,165.135,360.0,0.0
2026-09-03T18:09:50.435,165.230,360.0,359.9
2026-09-03T18:09:50.539,165.335,360.0,359.8
2026-09-03T18:09:50.649,165.444,360.0,359.8
2026-09-03T18:09:50.727,165.523,360.0,359.8
2026-09-03T18:09:50.836,165.631,360.0,358.9
2026-09-03T18:09:50.947,165.743,360.0,358.8
2026-09-03T18:09:51.041,165.836,360.0,358.8
2026-09-03T18:09:51.140,165.936,360.0,358.9
2026-09-03T18:09:51.248,166.043,360.0,358.9
2026-09-03T18:09:51.336,166.131,360.0,359.4
2026-09-03T18:09:51.454,166.249,360.0,359.4
2026-09-03T18:09:51.556,166.352,360.0,359.4
2026-09-03T18:09:51.632,166.427,360.0,359.4
2026-09-03T18:09:51.737,166.532,360.0,359.4
2026-09-03T18:09:51.844,166.639,359.1,359.4
2026-09-03T18:09:51.932,166.727,360.0,359.4
2026-09-03T18:09:52.042,166.838,360.0,359.4
2026-09-03T18:09:52.126,166.922,360.0,359.4
2026-09-03T18:09:52.221,167.017,360.0,359.4
2026-09-03T18:09:52.387,167.182,360.0,359.4
2026-09-03T18:09:52.448,167.244,360.0,359.4
2026-09-03T18:09:52.535,167.331,359.9,359.4
2026-09-03T18:09:52.621,167.417,358.2,359.4
2026-09-03T18:09:52.723,167.519,358.0,359.4
2026-09-03T18:09:52.824,167.619,360.0,359.4
2026-09-03T18:09:52.935,167.730,358.7,359.4
2026-09-03T18:09:53.038,167.833,360.0,359.4
2026-09-03T18:09:53.139,167.935,360.0,359.4
2026-09-03T18:09:53.235,168.030,359.5,359.4
2026-09-03T18:09:53.349,168.144,356.1,359.4
2026-09-03T18:09:53.424,168.220,360.0,359.4
2026-09-03T18:09:53.535,168.330,355.4,359.4
2026-09-03T18:09:53.642,168.437,360.0,359.4
2026-09-03T18:09:53.743,168.538,358.7,359.4
2026-09-03T18:09:53.830,168.625,360.0,359.4
2026-09-03T18:09:53.937,168.732,360.0,359.4
2026-09-03T18:09:54.037,168.833,360.0,359.4
2026-09-03T18:09:54.149,168.945,359.3,359.4
2026-09-03T18:09:54.247,169.042,360.0,359.4
2026-09-03T18:09:54.336,169.132,360.0,359.4
2026-09-03T18:09:54.439,169.235,360.0,359.4
2026-09-03T18:09:54.532,169.327,360.0,359.4
2026-09-03T18:09:54.640,169.436,359.6,359.4
2026-09-03T18:09:54.747,169.542,359.8,359.4
2026-09-03T18:09:54.835,169.630,360.0,359.4
2026-09-03T18:09:54.935,169.731,358.2,359.4
2026-09-03T18:09:55.048,169.844,360.0,359.4
2026-09-03T18:09:55.130,169.926,360.0,359.4
2026-09-03T18:09:55.389,170.184,360.0,359.4
2026-09-03T18:09:55.433,170.228,360.0,359.4
2026-09-03T18:09:55.655,170.451,359.9,359.4
2026-09-03T18:09:55.699,170.495,360.0,359.4
2026-09-03T18:09:55.895,170.691,360.0,359.4
2026-09-03T18:09:55.934,170.730,358.1,359.4
2026-09-03T18:09:56.166,170.961,358.1,359.4
2026-09-03T18:09:56.204,170.999,360.0,359.4
2026-09-03T18:09:56.425,171.220,360.0,359.4
2026-09-03T18:09:56.480,171.275,360.0,359.4
2026-09-03T18:09:56.707,171.502,360.0,359.4
2026-09-03T18:09:56.745,171.541,359.9,359.4
2026-09-03T18:09:56.975,171.771,360.0,359.4
2026-09-03T18:09:57.017,171.813,360.0,359.4
2026-09-03T18:09:57.223,172.018,360.0,359.4
2026-09-03T18:09:57.266,172.061,360.0,359.4
2026-09-03T18:09:57.491,172.287,360.0,359.4
2026-09-03T18:09:57.542,172.338,360.0,359.4
2026-09-03T18:09:57.755,172.551,360.0,359.4
2026-09-03T18:09:57.816,172.611,360.0,359.4
2026-09-03T18:09:58.023,172.818,360.0,359.4
2026-09-03T18:09:58.069,172.864,360.0,359.4
2026-09-03T18:09:58.308,173.104,359.6,359.4
2026-09-03T18:09:58.351,173.147,358.0,359.4
2026-09-03T18:09:58.556,173.351,360.0,359.4
2026-09-03T18:09:58.595,173.390,359.9,359.4
2026-09-03T18:09:58.828,173.624,360.0,359.4
2026-09-03T18:09:58.862,173.658,360.0,359.4
2026-09-03T18:09:59.118,173.913,359.9,359.4
2026-09-03T18:09:59.164,173.960,359.8,359.4
2026-09-03T18:09:59.375,174.171,360.0,359.4
2026-09-03T18:09:59.413,174.208,360.0,359.4
2026-09-03T18:09:59.634,174.430,360.0,359.4
2026-09-03T18:09:59.680,174.475,360.0,359.4
2026-09-03T18:09:59.836,174.631,360.0,359.4
2026-09-03T18:09:59.884,174.680,360.0,359.4
2026-09-03T18:09:59.924,174.719,360.0,359.4
2026-09-03T18:10:00.053,174.849,360.0,359.4
2026-09-03T18:10:00.247,175.043,360.0,359.4
2026-09-03T18:10:00.297,175.093,358.1,359.4
2026-09-03T18:10:00.495,175.291,360.0,359.4
2026-09-03T18:10:00.543,175.339,358.3,359.4
2026-09-03T18:10:00.628,175.423,360.0,359.4
2026-09-03T18:10:00.725,175.521,356.3,359.4
2026-09-03T18:10:00.840,175.635,360.0,359.4
2026-09-03T18:10:00.944,175.740,360.0,359.4
2026-09-03T18:10:01.027,175.822,360.0,359.4
2026-09-03T18:10:01.125,175.921,360.0,359.4
2026-09-03T18:10:01.230,176.026,360.0,359.4
2026-09-03T18:10:01.327,176.123,360.0,359.4
2026-09-03T18:10:01.449,176.245,356.5,359.4
2026-09-03T18:10:01.534,176.330,358.5,359.4
2026-09-03T18:10:01.643,176.439,358.7,359.4
2026-09-03T18:10:01.754,176.550,359.8,359.4
2026-09-03T18:10:01.838,176.634,359.9,359.4
2026-09-03T18:10:01.950,176.746,360.0,359.4
2026-09-03T18:10:02.042,176.838,360.0,359.1
2026-09-03T18:10:02.135,176.930,359.9,359.1
2026-09-03T18:10:02.242,177.037,360.0,359.2
2026-09-03T18:10:02.325,177.121,360.0,359.2
2026-09-03T18:10:02.446,177.241,359.9,359.2
2026-09-03T18:10:02.523,177.318,360.0,359.3
2026-09-03T18:10:02.765,177.560,360.0,359.0
2026-09-03T18:10:02.815,177.611,360.0,358.2
2026-09-03T18:10:02.961,177.757,357.9,358.2
2026-09-03T18:10:03.040,177.836,360.0,358.2
2026-09-03T18:10:03.086,177.882,359.4,358.2
2026-09-03T18:10:03.127,177.923,359.2,358.2
2026-09-03T18:10:03.228,178.024,357.4,358.2
2026-09-03T18:10:03.350,178.146,360.0,358.2
2026-09-03T18:10:03.453,178.249,360.0,358.2
2026-09-03T18:10:03.561,178.356,360.0,358.2
2026-09-03T18:10:03.635,178.431,360.0,358.2
2026-09-03T18:10:03.745,178.541,360.0,358.2
2026-09-03T18:10:03.843,178.639,360.0,358.2
2026-09-03T18:10:03.952,178.747,360.0,358.2
2026-09-03T18:10:04.049,178.844,360.0,358.2
2026-09-03T18:10:04.124,178.920,360.0,358.2
2026-09-03T18:10:04.263,179.058,360.0,358.6
2026-09-03T18:10:04.328,179.124,360.0,358.9
2026-09-03T18:10:04.428,179.224,359.6,359.0
2026-09-03T18:10:04.526,179.321,358.0,359.0
2026-09-03T18:10:04.625,179.421,360.0,359.0
2026-09-03T18:10:04.725,179.521,359.5,359.0
2026-09-03T18:10:04.832,179.627,360.0,359.1
2026-09-03T18:10:04.941,179.736,360.0,359.1
2026-09-03T18:10:05.023,179.818,360.0,359.1
2026-09-03T18:10:05.125,179.921,360.0,359.1
2026-09-03T18:10:05.224,180.020,360.0,359.1
2026-09-03T18:10:05.327,180.123,360.0,359.1
2026-09-03T18:10:05.423,180.219,360.0,359.0
2026-09-03T18:10:05.522,180.317,360.0,359.1
2026-09-03T18:10:05.630,180.426,357.6,359.1
2026-09-03T18:10:05.734,180.529,360.0,359.1
2026-09-03T18:10:05.835,180.631,360.0,359.1
2026-09-03T18:10:05.945,180.740,360.0,359.1
2026-09-03T18:10:06.036,180.832,360.0,359.1
2026-09-03T18:10:06.135,180.930,360.0,0.0
2026-09-03T18:10:06.240,181.035,359.3,0.2
2026-09-03T18:10:06.332,181.128,360.0,0.2
2026-09-03T18:10:06.439,181.235,360.0,0.2
2026-09-03T18:10:06.527,181.323,360.0,0.2
2026-09-03T18:10:06.625,181.420,360.0,0.2
2026-09-03T18:10:06.725,181.520,359.9,0.2
2026-09-03T18:10:06.830,181.626,360.0,0.2
2026-09-03T18:10:06.928,181.724,360.0,0.2
2026-09-03T18:10:07.036,181.831,360.0,0.2
2026-09-03T18:10:07.133,181.929,360.0,0.2
2026-09-03T18:10:07.236,182.031,360.0,0.2
2026-09-03T18:10:07.331,182.127,358.8,0.2
2026-09-03T18:10:07.439,182.234,360.0,0.2
2026-09-03T18:10:07.541,182.336,359.3,0.2
2026-09-03T18:10:12.051,186.847,360.0,0.2
2026-09-03T18:10:12.148,186.944,360.0,0.7
2026-09-03T18:10:12.187,186.983,360.0,1.0
2026-09-03T18:10:12.246,187.041,360.0,1.0
2026-09-03T18:10:12.332,187.128,360.0,1.0
2026-09-03T18:10:12.450,187.245,359.8,1.0
2026-09-03T18:10:12.558,187.353,359.9,1.0
2026-09-03T18:10:12.639,187.435,360.0,1.0
2026-09-03T18:10:12.721,187.517,360.0,1.0
2026-09-03T18:10:12.821,187.617,360.0,1.0
2026-09-03T18:10:12.931,187.726,360.0,1.0
2026-09-03T18:10:13.055,187.850,360.0,1.0
2026-09-03T18:10:13.123,187.918,360.0,1.0
2026-09-03T18:10:13.230,188.026,360.0,1.0
2026-09-03T18:10:13.341,188.136,356.3,1.0
2026-09-03T18:10:13.427,188.222,360.0,1.0
2026-09-03T18:10:13.525,188.321,358.0,0.8
2026-09-03T18:10:13.623,188.418,358.9,0.7
2026-09-03T18:10:13.724,188.519,358.9,0.7
2026-09-03T18:10:13.848,188.643,358.8,0.6
2026-09-03T18:10:13.924,188.720,358.9,0.6
2026-09-03T18:10:14.058,188.853,359.9,0.6
2026-09-03T18:10:14.130,188.925,359.9,0.6
2026-09-03T18:10:14.231,189.027,359.1,0.6
2026-09-03T18:10:14.339,189.134,360.0,0.6
2026-09-03T18:10:14.436,189.231,360.0,0.6
2026-09-03T18:10:14.535,189.331,359.0,0.6
2026-09-03T18:10:14.643,189.439,360.0,0.7
2026-09-03T18:10:14.724,189.520,360.0,0.8
2026-09-03T18:10:14.822,189.618,358.5,0.8
2026-09-03T18:10:14.923,189.718,359.5,0.8
2026-09-03T18:10:15.026,189.822,360.0,0.8
2026-09-03T18:10:15.126,189.921,360.0,0.8
2026-09-03T18:10:15.242,190.038,359.9,0.8
2026-09-03T18:10:15.325,190.121,360.0,0.8
2026-09-03T18:10:15.433,190.229,360.0,0.8
2026-09-03T18:10:15.537,190.333,359.9,0.8
2026-09-03T18:10:15.634,190.429,360.0,0.8
2026-09-03T18:10:15.749,190.545,356.9,0.8
2026-09-03T18:10:15.840,190.636,358.9,0.8
2026-09-03T18:10:15.931,190.727,360.0,0.9
2026-09-03T18:10:16.033,190.828,360.0,0.9
2026-09-03T18:10:16.145,190.941,360.0,0.9
2026-09-03T18:10:16.238,191.034,360.0,0.9
2026-09-03T18:10:16.342,191.138,359.9,0.9
2026-09-03T18:10:16.439,191.234,358.9,0.9
2026-09-03T18:10:16.539,191.335,360.0,0.9
2026-09-03T18:10:16.645,191.440,360.0,0.9
2026-09-03T18:10:16.726,191.522,360.0,0.9
2026-09-03T18:10:16.831,191.626,360.0,0.9
2026-09-03T18:10:16.972,191.767,360.0,0.9
2026-09-03T18:10:17.051,191.846,360.0,0.9
2026-09-03T18:10:17.140,191.936,360.0,0.9
2026-09-03T18:10:17.218,192.014,360.0,0.9
2026-09-03T18:10:17.332,192.128,360.0,0.9
2026-09-03T18:10:17.437,192.233,360.0,1.0
2026-09-03T18:10:17.520,192.315,360.0,0.9
2026-09-03T18:10:17.645,192.440,360.0,1.0
2026-09-03T18:10:17.730,192.525,360.0,1.0
2026-09-03T18:10:17.835,192.630,359.3,1.0
2026-09-03T18:10:17.960,192.756,360.0,1.0
2026-09-03T18:10:18.041,192.837,360.0,1.0
2026-09-03T18:10:18.127,192.922,359.9,1.0
2026-09-03T18:10:18.227,193.022,359.3,1.0
2026-09-03T18:10:18.340,193.135,360.0,1.0
2026-09-03T18:10:18.433,193.228,359.9,1.0
2026-09-03T18:10:18.538,193.334,359.6,359.9
2026-09-03T18:10:18.631,193.426,360.0,359.1
2026-09-03T18:10:18.736,193.532,360.0,359.1
2026-09-03T18:10:18.835,193.631,360.0,359.1
2026-09-03T18:10:18.931,193.727,360.0,359.1
2026-09-03T18:10:19.043,193.839,360.0,359.1
2026-09-03T18:10:19.128,193.924,356.4,359.1
2026-09-03T18:10:19.241,194.036,358.5,359.1
2026-09-03T18:10:19.322,194.117,360.0,359.1
2026-09-03T18:10:19.433,194.229,359.2,359.1
2026-09-03T18:10:19.533,194.328,357.3,359.1
2026-09-03T18:10:19.641,194.437,358.7,359.1
2026-09-03T18:10:19.721,194.516,360.0,359.1
2026-09-03T18:10:19.836,194.631,360.0,359.1
2026-09-03T18:10:19.933,194.729,360.0,359.1
2026-09-03T18:10:20.044,194.840,360.0,359.1
2026-09-03T18:10:20.125,194.921,360.0,359.0
2026-09-03T18:10:20.230,195.025,360.0,359.0
2026-09-03T18:10:20.345,195.141,360.0,358.9
2026-09-03T18:10:20.432,195.228,360.0,358.9
2026-09-03T18:10:20.543,195.339,360.0,358.9
2026-09-03T18:10:20.634,195.430,359.3,358.9
2026-09-03T18:10:20.745,195.541,359.3,358.9
2026-09-03T18:10:20.829,195.625,359.4,358.9
2026-09-03T18:10:20.944,195.740,358.2,359.0
2026-09-03T18:10:21.046,195.842,357.5,358.9
2026-09-03T18:10:21.158,195.953,360.0,358.9
2026-09-03T18:10:21.235,196.030,360.0,358.9
2026-09-03T18:10:21.347,196.143,360.0,358.9
2026-09-03T18:10:21.449,196.245,356.4,358.9
2026-09-03T18:10:21.546,196.341,360.0,358.9
2026-09-03T18:10:21.631,196.426,358.9,358.9
2026-09-03T18:10:21.741,196.536,360.0,358.9
2026-09-03T18:10:21.825,196.620,359.2,358.9
2026-09-03T18:10:21.936,196.731,356.4,358.9
2026-09-03T18:10:22.040,196.835,359.5,358.9
2026-09-03T18:10:22.132,196.927,360.0,358.9
2026-09-03T18:10:22.232,197.028,360.0,358.9
2026-09-03T18:10:22.351,197.146,359.9,358.9
2026-09-03T18:10:22.433,197.229,356.4,359.0
2026-09-03T18:10:22.536,197.331,360.0,359.0
2026-09-03T18:10:22.636,197.432,360.0,359.0
2026-09-03T18:10:22.737,197.533,360.0,359.0
2026-09-03T18:10:22.830,197.626,358.3,359.0
2026-09-03T18:10:22.944,197.739,360.0,359.0
2026-09-03T18:10:23.023,197.819,360.0,359.0
2026-09-03T18:10:23.141,197.936,360.0,359.0
2026-09-03T18:10:23.223,198.019,360.0,359.0
2026-09-03T18:10:23.331,198.127,359.9,359.1
2026-09-03T18:10:23.439,198.234,360.0,359.2
2026-09-03T18:10:23.530,198.325,360.0,359.3
2026-09-03T18:10:23.643,198.438,356.7,359.3
2026-09-03T18:10:23.729,198.525,359.5,359.3
2026-09-03T18:10:23.843,198.639,359.9,359.3
2026-09-03T18:10:23.949,198.744,360.0,359.3
2026-09-03T18:10:24.026,198.822,359.6,359.3
2026-09-03T18:10:24.125,198.920,358.5,359.3
2026-09-03T18:10:24.247,199.042,360.0,359.3
2026-09-03T18:10:24.334,199.130,360.0,359.3
2026-09-03T18:10:24.439,199.235,360.0,359.3
2026-09-03T18:10:24.540,199.335,359.2,359.3
2026-09-03T18:10:24.633,199.429,358.0,359.3
2026-09-03T18:10:24.748,199.543,360.0,359.3
2026-09-03T18:10:24.829,199.625,360.0,359.3
2026-09-03T18:10:24.949,199.744,360.0,359.4
2026-09-03T18:10:25.042,199.838,356.4,359.4
2026-09-03T18:10:25.128,199.924,359.2,359.4
2026-09-03T18:10:25.264,200.059,359.8,359.4
2026-09-03T18:10:25.337,200.133,359.9,359.4
2026-09-03T18:10:25.444,200.240,360.0,0.4
2026-09-03T18:10:25.526,200.321,359.9,0.6
2026-09-03T18:10:25.647,200.442,360.0,0.6
2026-09-03T18:10:25.738,200.533,360.0,0.6
2026-09-03T18:10:25.840,200.635,360.0,0.6
2026-09-03T18:10:25.978,200.774,359.9,0.6
2026-09-03T18:10:26.019,200.814,359.8,0.6
2026-09-03T18:10:26.124,200.919,358.3,0.6
2026-09-03T18:10:26.228,201.024,360.0,0.6
2026-09-03T18:10:26.344,201.139,360.0,0.6
2026-09-03T18:10:26.438,201.234,360.0,0.6
2026-09-03T18:10:26.528,201.324,358.9,0.6
2026-09-03T18:10:26.662,201.457,360.0,0.6
2026-09-03T18:10:26.728,201.524,360.0,0.6
2026-09-03T18:10:26.842,201.638,356.1,0.6
2026-09-03T18:10:26.929,201.724,360.0,0.6
2026-09-03T18:10:27.041,201.836,360.0,0.6
2026-09-03T18:10:27.129,201.925,360.0,0.6
2026-09-03T18:10:27.225,202.021,360.0,0.6
2026-09-03T18:10:27.336,202.131,358.7,0.6
2026-09-03T18:10:27.439,202.234,357.8,0.6
2026-09-03T18:10:27.530,202.326,360.0,0.6
2026-09-03T18:10:27.635,202.430,359.9,0.6
2026-09-03T18:10:27.756,202.551,358.7,0.6
2026-09-03T18:10:27.852,202.647,360.0,0.6
2026-09-03T18:10:27.938,202.733,358.6,0.6
2026-09-03T18:10:28.029,202.825,360.0,0.7
2026-09-03T18:10:28.140,202.935,360.0,1.1
2026-09-03T18:10:28.225,203.020,360.0,1.1
2026-09-03T18:10:28.343,203.138,358.2,1.1
2026-09-03T18:10:28.442,203.237,358.9,1.1
2026-09-03T18:10:28.557,203.353,360.0,1.1
2026-09-03T18:10:28.637,203.432,360.0,1.1
2026-09-03T18:10:28.764,203.560,359.9,1.1
2026-09-03T18:10:28.850,203.646,360.0,1.1
2026-09-03T18:10:28.982,203.778,359.6,1.0
2026-09-03T18:10:29.075,203.870,360.0,1.0
2026-09-03T18:10:29.148,203.943,360.0,1.0
2026-09-03T18:10:29.239,204.035,360.0,0.9
2026-09-03T18:10:29.329,204.124,358.5,0.8
2026-09-03T18:10:29.468,204.264,360.0,0.8
2026-09-03T18:10:29.520,204.315,360.0,0.8
2026-09-03T18:10:29.643,204.438,358.6,0.8
2026-09-03T18:10:29.775,204.570,360.0,0.8
2026-09-03T18:10:29.882,204.678,360.0,0.8
2026-09-03T18:10:30.005,204.800,360.0,0.8
2026-09-03T18:10:30.069,204.865,360.0,0.8
2026-09-03T18:10:30.143,204.939,359.9,0.7
2026-09-03T18:10:30.259,205.054,357.5,359.6
2026-09-03T18:10:30.336,205.131,359.6,359.6
2026-09-03T18:10:30.449,205.244,357.6,359.6
2026-09-03T18:10:30.536,205.332,360.0,359.6
2026-09-03T18:10:30.643,205.438,360.0,359.6
2026-09-03T18:10:30.719,205.514,356.7,359.6
2026-09-03T18:10:30.824,205.619,359.6,359.6
2026-09-03T18:10:30.928,205.724,360.0,359.6
2026-09-03T18:10:31.050,205.845,360.0,359.6
2026-09-03T18:10:31.187,205.982,358.8,359.6
2026-09-03T18:10:31.242,206.038,360.0,359.6
2026-09-03T18:10:31.340,206.135,358.3,359.6
2026-09-03T18:10:31.423,206.219,359.5,359.6
2026-09-03T18:10:31.531,206.327,360.0,359.6
2026-09-03T18:10:31.641,206.437,360.0,359.6
2026-09-03T18:10:31.742,206.538,360.0,359.6
2026-09-03T18:10:31.845,206.640,359.9,359.6
2026-09-03T18:10:31.936,206.731,360.0,359.6
2026-09-03T18:10:32.057,206.853,359.6,359.6
2026-09-03T18:10:32.127,206.923,356.4,359.6
2026-09-03T18:10:32.224,207.019,355.4,359.6
2026-09-03T18:10:32.336,207.132,359.9,359.6
2026-09-03T18:10:32.448,207.243,360.0,359.6
2026-09-03T18:10:32.534,207.329,360.0,359.6
2026-09-03T18:10:32.644,207.439,357.5,359.6
2026-09-03T18:10:32.740,207.536,360.0,359.6
2026-09-03T18:10:32.843,207.639,360.0,359.6
2026-09-03T18:10:32.927,207.723,355.0,359.6
2026-09-03T18:10:33.041,207.837,360.0,359.6
2026-09-03T18:10:33.152,207.948,360.0,359.6
2026-09-03T18:10:33.239,208.034,356.4,359.6
2026-09-03T18:10:33.352,208.147,358.9,359.6
2026-09-03T18:10:33.445,208.241,360.0,359.6
2026-09-03T18:10:33.547,208.342,360.0,359.6
2026-09-03T18:10:33.670,208.466,360.0,359.6
2026-09-03T18:10:33.720,208.516,360.0,359.6
2026-09-03T18:10:33.877,208.673,360.0,359.6
2026-09-03T18:10:33.923,208.718,359.6,359.6
2026-09-03T18:10:34.050,208.846,360.0,359.6
2026-09-03T18:10:34.138,208.934,356.5,359.6
2026-09-03T18:10:34.228,209.023,357.8,359.6
2026-09-03T18:10:34.349,209.144,358.7,359.6
2026-09-03T18:10:34.435,209.230,360.0,359.6
2026-09-03T18:10:34.548,209.343,358.5,359.6
2026-09-03T18:10:34.644,209.439,360.0,359.6
2026-09-03T18:10:34.739,209.534,359.5,359.6
2026-09-03T18:10:34.833,209.629,359.8,359.6
2026-09-03T18:10:34.949,209.745,360.0,359.6
2026-09-03T18:10:35.060,209.856,358.7,359.6
2026-09-03T18:10:35.151,209.947,360.0,359.6
2026-09-03T18:10:35.240,210.036,360.0,359.6
2026-09-03T18:10:35.326,210.122,359.2,359.6
2026-09-03T18:10:35.439,210.234,360.0,359.6
2026-09-03T18:10:35.525,210.320,356.4,359.6
2026-09-03T18:10:35.653,210.449,360.0,359.6
2026-09-03T18:10:35.732,210.528,360.0,359.6
2026-09-03T18:10:35.848,210.644,359.9,359.6
2026-09-03T18:10:35.956,210.752,358.2,359.6
2026-09-03T18:10:36.050,210.845,360.0,359.6
2026-09-03T18:10:36.145,210.940,360.0,359.6
2026-09-03T18:10:36.246,211.042,360.0,359.6
2026-09-03T18:10:36.350,211.146,359.5,359.6
2026-09-03T18:10:36.430,211.226,360.0,359.6
2026-09-03T18:10:36.554,211.349,360.0,359.6
2026-09-03T18:10:36.633,211.428,360.0,359.6
2026-09-03T18:10:36.744,211.540,357.2,359.6
2026-09-03T18:10:36.848,211.643,360.0,359.6
2026-09-03T18:10:36.928,211.724,359.1,359.6
2026-09-03T18:10:37.040,211.836,360.0,359.6
2026-09-03T18:10:37.137,211.932,360.0,359.6
2026-09-03T18:10:37.240,212.036,358.1,359.6
2026-09-03T18:10:37.334,212.130,357.2,359.6
2026-09-03T18:10:37.451,212.246,358.0,359.6
2026-09-03T18:10:37.537,212.332,360.0,359.6
2026-09-03T18:10:37.657,212.452,360.0,359.6
2026-09-03T18:10:37.746,212.542,359.8,359.6
2026-09-03T18:10:37.852,212.647,360.0,359.6
2026-09-03T18:10:37.935,212.730,357.6,359.6
2026-09-03T18:10:38.055,212.851,360.0,359.5
2026-09-03T18:10:38.247,213.042,359.3,359.5
2026-09-03T18:10:38.337,213.132,360.0,359.6
2026-09-03T18:10:38.388,213.183,360.0,359.6
2026-09-03T18:10:38.447,213.243,359.3,359.6
2026-09-03T18:10:38.532,213.327,354.2,359.6
2026-09-03T18:10:38.629,213.425,360.0,359.6
2026-09-03T18:10:38.730,213.526,359.1,359.6
2026-09-03T18:10:38.832,213.627,359.9,359.6
2026-09-03T18:10:38.967,213.763,360.0,359.4
2026-09-03T18:10:39.037,213.832,360.0,359.4
2026-09-03T18:10:39.135,213.930,360.0,359.4
2026-09-03T18:10:39.219,214.015,360.0,359.4
2026-09-03T18:10:39.346,214.141,360.0,359.4
2026-09-03T18:10:39.436,214.232,360.0,359.4
2026-09-03T18:10:39.545,214.341,360.0,359.4
2026-09-03T18:10:39.639,214.435,360.0,359.4
2026-09-03T18:10:39.764,214.559,360.0,359.4
2026-09-03T18:10:39.824,214.619,360.0,359.4
2026-09-03T18:10:39.936,214.731,359.2,359.4
2026-09-03T18:10:40.037,214.833,360.0,359.4
2026-09-03T18:10:40.131,214.926,360.0,359.4
2026-09-03T18:10:40.241,215.037,360.0,359.4
2026-09-03T18:10:40.331,215.126,360.0,359.4
2026-09-03T18:10:40.460,215.255,360.0,359.4
2026-09-03T18:10:40.536,215.332,359.9,359.4
2026-09-03T18:10:40.639,215.435,359.8,359.4
2026-09-03T18:10:40.743,215.538,360.0,359.4
2026-09-03T18:10:40.829,215.624,359.8,359.4
2026-09-03T18:10:40.927,215.723,360.0,359.4
2026-09-03T18:10:41.028,215.824,360.0,359.4
2026-09-03T18:10:41.156,215.951,358.5,359.4
2026-09-03T18:10:41.259,216.054,360.0,359.4
2026-09-03T18:10:41.331,216.126,359.8,359.4
2026-09-03T18:10:41.434,216.230,360.0,359.4
2026-09-03T18:10:41.548,216.344,360.0,359.4
2026-09-03T18:10:41.638,216.434,360.0,359.4
2026-09-03T18:10:41.747,216.542,360.0,359.4
2026-09-03T18:10:41.846,216.641,360.0,359.4
2026-09-03T18:10:41.944,216.740,360.0,359.4
2026-09-03T18:10:42.044,216.839,360.0,359.4
2026-09-03T18:10:42.136,216.932,360.0,359.4
2026-09-03T18:10:42.254,217.050,360.0,359.4
2026-09-03T18:10:42.349,217.144,360.0,359.4
2026-09-03T18:10:42.439,217.235,360.0,359.4
2026-09-03T18:10:42.526,217.321,358.3,359.4
2026-09-03T18:10:42.621,217.416,360.0,359.4
2026-09-03T18:10:42.720,217.515,360.0,359.4
2026-09-03T18:10:42.838,217.634,360.0,359.4
2026-09-03T18:10:42.933,217.728,360.0,359.4
2026-09-03T18:10:43.036,217.831,360.0,359.4
2026-09-03T18:10:43.135,217.931,360.0,359.4
2026-09-03T18:10:43.229,218.024,360.0,359.4
2026-09-03T18:10:43.353,218.149,359.9,359.4
2026-09-03T18:10:43.433,218.229,360.0,359.4
2026-09-03T18:10:43.557,218.352,359.9,359.4
2026-09-03T18:10:43.635,218.430,360.0,359.4
2026-09-03T18:10:43.742,218.538,360.0,359.4
2026-09-03T18:10:43.823,218.619,360.0,359.4
2026-09-03T18:10:43.923,218.718,360.0,359.4
2026-09-03T18:10:44.019,218.814,360.0,359.4
2026-09-03T18:10:44.151,218.947,360.0,359.4
2026-09-03T18:10:44.245,219.040,360.0,359.4
2026-09-03T18:10:44.358,219.153,360.0,359.4
2026-09-03T18:10:44.437,219.232,360.0,359.4
2026-09-03T18:10:44.547,219.343,360.0,359.4
2026-09-03T18:10:44.647,219.442,360.0,359.4
2026-09-03T18:10:44.740,219.535,360.0,359.4
2026-09-03T18:10:44.831,219.627,360.0,359.4
2026-09-03T18:10:44.941,219.737,360.0,359.4
2026-09-03T18:10:45.028,219.823,360.0,359.4
2026-09-03T18:10:45.133,219.929,360.0,359.4
2026-09-03T18:10:45.235,220.030,360.0,359.4
2026-09-03T18:10:45.342,220.137,360.0,359.4
2026-09-03T18:10:45.426,220.221,360.0,359.4
2026-09-03T18:10:45.529,220.324,360.0,359.4
2026-09-03T18:10:45.634,220.429,360.0,359.4
2026-09-03T18:10:45.744,220.540,360.0,359.4
2026-09-03T18:10:45.824,220.620,360.0,359.4
2026-09-03T18:10:45.932,220.728,360.0,359.4
2026-09-03T18:10:46.044,220.840,360.0,359.4
2026-09-03T18:10:46.152,220.947,360.0,359.4
2026-09-03T18:10:46.248,221.043,360.0,359.4
2026-09-03T18:10:46.359,221.154,360.0,359.4
2026-09-03T18:10:46.435,221.230,360.0,359.4
2026-09-03T18:10:46.546,221.342,360.0,359.4
2026-09-03T18:10:46.632,221.427,360.0,359.4
2026-09-03T18:10:46.807,221.603,360.0,359.4
2026-09-03T18:10:46.856,221.651,360.0,359.4
2026-09-03T18:10:46.943,221.739,360.0,359.4
2026-09-03T18:10:47.023,221.819,360.0,359.4
2026-09-03T18:10:47.121,221.916,360.0,359.4
2026-09-03T18:10:47.223,222.019,360.0,359.4
2026-09-03T18:10:47.347,222.143,360.0,359.4
2026-09-03T18:10:47.428,222.224,360.0,359.4
2026-09-03T18:10:47.531,222.326,360.0,359.4
2026-09-03T18:10:47.644,222.439,360.0,359.4
2026-09-03T18:10:47.728,222.523,360.0,359.4
2026-09-03T18:10:47.839,222.635,359.5,359.4
2026-09-03T18:10:47.971,222.766,360.0,359.4
2026-09-03T18:10:48.033,222.829,359.9,359.4
2026-09-03T18:10:48.133,222.929,360.0,359.4
2026-09-03T18:10:48.243,223.039,360.0,359.4
2026-09-03T18:10:48.323,223.119,360.0,359.4
2026-09-03T18:10:48.423,223.219,360.0,359.4
2026-09-03T18:10:48.526,223.322,360.0,359.4
2026-09-03T18:10:48.628,223.424,359.9,359.4
2026-09-03T18:10:48.726,223.521,360.0,359.4
2026-09-03T18:10:48.825,223.621,360.0,359.4
2026-09-03T18:10:48.942,223.737,359.8,359.4
2026-09-03T18:10:49.053,223.849,360.0,359.4
2026-09-03T18:10:49.135,223.931,360.0,359.4
2026-09-03T18:10:49.235,224.031,360.0,359.4
2026-09-03T18:10:49.336,224.131,360.0,359.4
2026-09-03T18:10:49.437,224.233,360.0,359.4
2026-09-03T18:10:49.534,224.329,360.0,359.4
2026-09-03T18:10:49.646,224.441,359.8,359.4
2026-09-03T18:10:49.734,224.529,360.0,359.4
2026-09-03T18:10:49.851,224.646,360.0,359.4
2026-09-03T18:10:49.935,224.730,360.0,359.4
2026-09-03T18:10:50.044,224.839,360.0,359.4
2026-09-03T18:10:50.142,224.938,360.0,359.4
2026-09-03T18:10:50.235,225.031,360.0,359.4
2026-09-03T18:10:50.342,225.137,360.0,359.4
2026-09-03T18:10:50.436,225.232,360.0,359.4
2026-09-03T18:10:50.544,225.340,360.0,359.4
2026-09-03T18:10:50.624,225.420,358.9,359.4
2026-09-03T18:10:50.759,225.555,360.0,359.4
2026-09-03T18:10:50.839,225.635,360.0,359.4
2026-09-03T18:10:50.928,225.723,360.0,359.4
2026-09-03T18:10:51.034,225.830,360.0,359.4
2026-09-03T18:10:51.118,225.914,360.0,359.4
2026-09-03T18:10:51.236,226.032,358.1,359.4
2026-09-03T18:10:51.324,226.119,360.0,359.4
2026-09-03T18:10:51.417,226.212,360.0,359.4
2026-09-03T18:10:51.546,226.341,356.9,359.4
2026-09-03T18:10:51.639,226.435,360.0,359.4
2026-09-03T18:10:51.736,226.531,360.0,359.4
2026-09-03T18:10:51.853,226.649,360.0,359.3
2026-09-03T18:10:51.927,226.723,356.7,359.3
2026-09-03T18:10:52.045,226.840,356.5,359.3
2026-09-03T18:10:52.126,226.921,360.0,359.2
2026-09-03T18:10:52.241,227.036,358.9,359.3
2026-09-03T18:10:52.330,227.126,357.9,2.4
2026-09-03T18:10:52.430,227.225,360.0,20.9
2026-09-03T18:10:52.550,227.345,358.7,62.7
2026-09-03T18:10:52.639,227.435,356.5,107.1
2026-09-03T18:10:52.726,227.521,356.7,118.7
2026-09-03T18:10:52.830,227.625,358.0,118.8
2026-09-03T18:10:52.932,227.728,359.6,118.8
2026-09-03T18:10:53.051,227.847,360.0,119.5
2026-09-03T18:10:53.134,227.930,360.0,124.4
2026-09-03T18:10:53.249,228.044,359.6,153.4
2026-09-03T18:10:53.341,228.137,360.0,202.9
2026-09-03T18:10:53.453,228.249,360.0,226.7
2026-09-03T18:10:53.537,228.333,360.0,226.7
2026-09-03T18:10:53.620,228.415,356.4,226.7
2026-09-03T18:10:53.731,228.526,357.0,226.7
2026-09-03T18:10:53.835,228.631,360.0,236.3
2026-09-03T18:10:53.950,228.746,358.3,268.2
2026-09-03T18:10:54.037,228.833,360.0,278.2
2026-09-03T18:10:54.144,228.940,360.0,307.4
2026-09-03T18:10:54.244,229.040,360.0,318.9
2026-09-03T18:10:54.329,229.124,360.0,318.5
2026-09-03T18:10:54.425,229.220,360.0,318.5
2026-09-03T18:10:54.543,229.339,360.0,318.5
2026-09-03T18:10:54.642,229.438,360.0,320.4
2026-09-03T18:10:54.767,229.563,360.0,338.8
2026-09-03T18:10:54.822,229.618,360.0,13.2
2026-09-03T18:10:54.931,229.727,360.0,37.1
2026-09-03T18:10:55.036,229.832,359.1,66.5
2026-09-03T18:10:55.143,229.938,360.0,66.5
2026-09-03T18:10:55.232,230.028,358.1,66.5
2026-09-03T18:10:55.337,230.132,360.0,67.3
2026-09-03T18:10:55.449,230.244,360.0,79.7
2026-09-03T18:10:55.539,230.334,360.0,112.3
2026-09-03T18:10:55.625,230.420,359.9,135.4
2026-09-03T18:10:55.740,230.535,360.0,155.0
2026-09-03T18:10:55.831,230.627,360.0,175.5
2026-09-03T18:10:55.955,230.751,360.0,176.4
2026-09-03T18:10:56.033,230.829,360.0,176.4
2026-09-03T18:10:56.133,230.928,360.0,176.4
2026-09-03T18:10:56.241,231.036,360.0,176.3
2026-09-03T18:10:56.340,231.135,360.0,182.2
2026-09-03T18:10:56.428,231.224,360.0,202.6
2026-09-03T18:10:56.537,231.332,359.2,241.3
2026-09-03T18:10:56.635,231.431,360.0,263.4
2026-09-03T18:10:56.740,231.535,360.0,279.8
2026-09-03T18:10:56.824,231.619,360.0,287.9
2026-09-03T18:10:56.923,231.719,358.7,286.9
2026-09-03T18:10:57.022,231.818,360.0,286.9
2026-09-03T18:10:57.124,231.919,360.0,286.9
2026-09-03T18:10:57.227,232.022,360.0,286.9
2026-09-03T18:10:57.337,232.133,360.0,286.9
2026-09-03T18:10:57.466,232.262,360.0,286.9
2026-09-03T18:10:57.534,232.329,360.0,286.9
2026-09-03T18:10:57.639,232.435,360.0,287.0
2026-09-03T18:10:57.751,232.546,360.0,290.7
2026-09-03T18:10:57.849,232.645,360.0,303.8
2026-09-03T18:10:57.932,232.728,360.0,315.2
2026-09-03T18:10:58.050,232.845,360.0,319.7
2026-09-03T18:10:58.135,232.930,360.0,323.4
2026-09-03T18:10:58.257,233.052,358.7,334.6
2026-09-03T18:10:58.325,233.120,360.0,340.5
2026-09-03T18:10:58.433,233.228,360.0,345.9
2026-09-03T18:10:58.541,233.336,360.0,348.8
2026-09-03T18:10:58.628,233.424,360.0,351.6
2026-09-03T18:10:58.729,233.525,360.0,352.0
2026-09-03T18:10:58.840,233.636,360.0,352.8
2026-09-03T18:10:58.951,233.746,360.0,355.3
2026-09-03T18:10:59.045,233.841,360.0,356.1
2026-09-03T18:10:59.132,233.927,360.0,358.8
2026-09-03T18:10:59.256,234.052,360.0,359.0
2026-09-03T18:10:59.343,234.139,360.0,359.0
2026-09-03T18:10:59.440,234.236,360.0,0.0
2026-09-03T18:10:59.518,234.314,360.0,0.0
2026-09-03T18:10:59.639,234.435,360.0,0.0
2026-09-03T18:10:59.721,234.516,360.0,0.0
2026-09-03T18:10:59.824,234.620,360.0,0.0
2026-09-03T18:10:59.921,234.716,360.0,0.0
2026-09-03T18:11:00.019,234.815,360.0,0.0
2026-09-03T18:11:00.135,234.930,360.0,0.0
2026-09-03T18:11:00.235,235.031,360.0,0.0
2026-09-03T18:11:00.326,235.121,360.0,0.0
2026-09-03T18:11:00.456,235.251,360.0,0.0
2026-09-03T18:11:00.541,235.337,360.0,0.0
2026-09-03T18:11:00.638,235.433,360.0,0.0
2026-09-03T18:11:00.728,235.524,360.0,0.0
2026-09-03T18:11:00.844,235.640,360.0,0.0
2026-09-03T18:11:00.933,235.729,360.0,0.0
2026-09-03T18:11:01.047,235.843,360.0,0.0
2026-09-03T18:11:01.122,235.917,360.0,0.0
2026-09-03T18:11:01.248,236.043,360.0,0.0
2026-09-03T18:11:01.355,236.150,360.0,0.0
2026-09-03T18:11:01.437,236.232,360.0,0.0
2026-09-03T18:11:01.538,236.333,360.0,0.0
2026-09-03T18:11:01.630,236.426,360.0,0.0
2026-09-03T18:11:01.749,236.544,360.0,0.0
2026-09-03T18:11:01.844,236.639,360.0,0.0
2026-09-03T18:11:01.930,236.726,360.0,0.0
2026-09-03T18:11:02.037,236.832,360.0,0.0
2026-09-03T18:11:02.135,236.930,360.0,1.7
2026-09-03T18:11:02.233,237.029,360.0,1.6
2026-09-03T18:11:02.335,237.130,360.0,1.6
2026-09-03T18:11:02.437,237.233,360.0,1.6
2026-09-03T18:11:02.535,237.331,360.0,1.6
2026-09-03T18:11:02.628,237.424,360.0,1.6
2026-09-03T18:11:02.732,237.528,360.0,359.7
2026-09-03T18:11:02.833,237.628,360.0,359.2
2026-09-03T18:11:02.940,237.736,360.0,359.2
2026-09-03T18:11:03.030,237.826,360.0,359.2
2026-09-03T18:11:03.139,237.935,360.0,359.2
2026-09-03T18:11:03.238,238.034,360.0,359.5
2026-09-03T18:11:03.332,238.128,360.0,359.5
2026-09-03T18:11:03.450,238.245,360.0,359.5
2026-09-03T18:11:03.541,238.336,360.0,359.5
2026-09-03T18:11:03.630,238.426,360.0,359.5
2026-09-03T18:11:03.742,238.538,360.0,359.5
2026-09-03T18:11:03.844,238.639,360.0,359.5
2026-09-03T18:11:03.921,238.717,360.0,359.5
2026-09-03T18:11:04.025,238.820,360.0,359.5
2026-09-03T18:11:04.139,238.935,360.0,359.5
2026-09-03T18:11:04.228,239.024,360.0,359.5
2026-09-03T18:11:04.348,239.144,360.0,359.5
2026-09-03T18:11:04.448,239.244,360.0,359.5
2026-09-03T18:11:04.532,239.328,360.0,359.5
2026-09-03T18:11:04.635,239.431,360.0,359.5
2026-09-03T18:11:04.737,239.532,360.0,359.5
2026-09-03T18:11:04.836,239.631,360.0,359.5
2026-09-03T18:11:04.941,239.736,360.0,359.5
2026-09-03T18:11:05.024,239.820,360.0,359.5
2026-09-03T18:11:05.132,239.928,360.0,359.5
2026-09-03T18:11:05.230,240.025,360.0,359.5
2026-09-03T18:11:05.338,240.134,360.0,359.5
2026-09-03T18:11:05.426,240.221,360.0,359.5
2026-09-03T18:11:05.528,240.323,360.0,359.5
2026-09-03T18:11:05.645,240.441,360.0,359.5
2026-09-03T18:11:05.739,240.535,360.0,359.5
2026-09-03T18:11:05.826,240.621,360.0,359.5
2026-09-03T18:11:05.928,240.724,360.0,359.5
2026-09-03T18:11:06.058,240.854,360.0,359.5
2026-09-03T18:11:06.147,240.943,360.0,359.5
2026-09-03T18:11:06.244,241.040,360.0,359.5
2026-09-03T18:11:06.343,241.138,360.0,359.5
2026-09-03T18:11:06.430,241.225,360.0,359.5
2026-09-03T18:11:06.531,241.326,360.0,359.5
2026-09-03T18:11:06.638,241.433,360.0,359.5
2026-09-03T18:11:06.737,241.533,360.0,359.5
2026-09-03T18:11:06.829,241.625,360.0,359.5
2026-09-03T18:11:06.930,241.726,360.0,359.5
2026-09-03T18:11:07.032,241.828,360.0,359.5
2026-09-03T18:11:07.145,241.940,360.0,359.5
2026-09-03T18:11:07.227,242.022,360.0,359.5
2026-09-03T18:11:07.343,242.139,360.0,359.5
2026-09-03T18:11:07.439,242.235,360.0,359.5
2026-09-03T18:11:07.544,242.340,360.0,359.5
2026-09-03T18:11:07.632,242.427,360.0,359.5
2026-09-03T18:11:07.733,242.529,360.0,359.5
2026-09-03T18:11:07.851,242.647,360.0,359.5
2026-09-03T18:11:07.935,242.730,360.0,0.7
2026-09-03T18:11:08.029,242.825,360.0,0.7
2026-09-03T18:11:08.134,242.930,360.0,1.5
2026-09-03T18:11:08.219,243.014,360.0,8.2
2026-09-03T18:11:08.329,243.125,360.0,30.4
2026-09-03T18:11:08.430,243.226,360.0,67.9
2026-09-03T18:11:08.553,243.348,360.0,60.8
2026-09-03T18:11:08.646,243.442,360.0,60.8
2026-09-03T18:11:08.731,243.526,360.0,60.8
2026-09-03T18:11:08.833,243.628,360.0,62.5
2026-09-03T18:11:08.936,243.732,360.0,74.4
2026-09-03T18:11:09.029,243.824,360.0,92.5
2026-09-03T18:11:09.144,243.939,360.0,102.7
2026-09-03T18:11:09.231,244.027,360.0,129.0
2026-09-03T18:11:09.336,244.131,360.0,128.9
2026-09-03T18:11:09.433,244.229,360.0,128.1
2026-09-03T18:11:09.531,244.327,360.0,128.1
2026-09-03T18:11:09.645,244.441,360.0,128.0
2026-09-03T18:11:09.746,244.541,360.0,128.0
2026-09-03T18:11:09.834,244.629,360.0,128.0
2026-09-03T18:11:09.982,244.777,360.0,128.0
2026-09-03T18:11:10.033,244.828,360.0,128.0
2026-09-03T18:11:10.137,244.932,360.0,128.0
2026-09-03T18:11:10.229,245.025,360.0,128.0
2026-09-03T18:11:10.345,245.140,360.0,129.3
2026-09-03T18:11:10.427,245.223,360.0,146.8
2026-09-03T18:11:10.534,245.330,360.0,194.1
2026-09-03T18:11:10.635,245.431,360.0,203.0
2026-09-03T18:11:10.740,245.535,360.0,203.1
2026-09-03T18:11:10.823,245.618,360.0,203.1
2026-09-03T18:11:10.928,245.723,360.0,203.1
2026-09-03T18:11:11.030,245.826,360.0,211.3
2026-09-03T18:11:11.142,245.938,360.0,258.9
2026-09-03T18:11:11.244,246.039,360.0,269.8
2026-09-03T18:11:11.335,246.131,360.0,270.2
2026-09-03T18:11:11.437,246.233,360.0,270.2
2026-09-03T18:11:11.530,246.325,360.0,270.2
2026-09-03T18:11:11.652,246.447,360.0,274.9
2026-09-03T18:11:11.730,246.526,360.0,306.6
2026-09-03T18:11:11.842,246.637,360.0,349.9
2026-09-03T18:11:11.931,246.727,360.0,350.2
2026-09-03T18:11:12.025,246.821,360.0,350.2
2026-09-03T18:11:12.131,246.926,360.0,350.2
2026-09-03T18:11:12.261,247.057,360.0,350.2
2026-09-03T18:11:12.318,247.113,360.0,350.2
2026-09-03T18:11:12.427,247.222,360.0,356.2
2026-09-03T18:11:12.523,247.319,360.0,36.8
2026-09-03T18:11:12.619,247.415,360.0,82.2
2026-09-03T18:11:12.721,247.517,360.0,93.0
2026-09-03T18:11:12.827,247.623,360.0,93.0
2026-09-03T18:11:12.924,247.719,360.0,93.0
2026-09-03T18:11:13.029,247.825,360.0,93.0
2026-09-03T18:11:13.135,247.931,360.0,98.4
2026-09-03T18:11:13.237,248.032,360.0,120.2
2026-09-03T18:11:13.340,248.136,360.0,163.3
2026-09-03T18:11:13.443,248.239,360.0,173.6
2026-09-03T18:11:13.528,248.324,360.0,173.6
2026-09-03T18:11:13.630,248.426,358.9,173.6
2026-09-03T18:11:13.745,248.540,360.0,173.6
2026-09-03T18:11:13.828,248.623,360.0,173.6
2026-09-03T18:11:13.952,248.748,360.0,173.6
2026-09-03T18:11:14.086,248.882,360.0,173.6
2026-09-03T18:11:14.145,248.940,360.0,173.6
2026-09-03T18:11:14.236,249.032,360.0,173.6
2026-09-03T18:11:14.336,249.132,360.0,173.6
2026-09-03T18:11:14.458,249.253,360.0,173.6
2026-09-03T18:11:14.533,249.328,360.0,178.2
2026-09-03T18:11:14.650,249.445,360.0,207.2
2026-09-03T18:11:14.739,249.534,360.0,238.6
2026-09-03T18:11:14.827,249.623,360.0,242.6
2026-09-03T18:11:14.927,249.722,360.0,242.6
2026-09-03T18:11:15.048,249.843,360.0,242.6
2026-09-03T18:11:15.138,249.933,360.0,243.5
2026-09-03T18:11:15.236,250.032,360.0,256.9
2026-09-03T18:11:15.332,250.127,360.0,284.1
2026-09-03T18:11:15.448,250.244,360.0,307.7
2026-09-03T18:11:15.531,250.326,360.0,305.2
2026-09-03T18:11:15.642,250.437,360.0,305.2
2026-09-03T18:11:15.726,250.521,360.0,305.2
2026-09-03T18:11:15.842,250.638,360.0,304.0
2026-09-03T18:11:15.936,250.732,360.0,309.3
2026-09-03T18:11:16.032,250.828,360.0,328.2
2026-09-03T18:11:16.157,250.952,360.0,340.8
2026-09-03T18:11:16.235,251.031,360.0,343.8
2026-09-03T18:11:16.344,251.140,360.0,347.9
2026-09-03T18:11:16.463,251.259,360.0,350.4
2026-09-03T18:11:16.537,251.333,360.0,352.5
2026-09-03T18:11:16.625,251.421,360.0,355.7
2026-09-03T18:11:16.726,251.521,360.0,356.4
2026-09-03T18:11:16.821,251.617,360.0,357.8
2026-09-03T18:11:16.941,251.736,360.0,358.9
2026-09-03T18:11:17.023,251.818,360.0,358.9
2026-09-03T18:11:17.144,251.939,360.0,358.9
2026-09-03T18:11:17.222,252.018,360.0,358.9
2026-09-03T18:11:17.325,252.120,360.0,358.9
2026-09-03T18:11:17.434,252.230,360.0,358.9
2026-09-03T18:11:17.543,252.339,360.0,358.9
2026-09-03T18:11:17.627,252.423,360.0,358.9
2026-09-03T18:11:17.726,252.521,360.0,358.9
2026-09-03T18:11:17.837,252.633,360.0,358.9
2026-09-03T18:11:17.922,252.717,360.0,358.9
2026-09-03T18:11:18.030,252.826,360.0,358.9
2026-09-03T18:11:18.137,252.933,360.0,358.9
2026-09-03T18:11:18.235,253.030,360.0,358.9
2026-09-03T18:11:18.335,253.131,360.0,358.9
2026-09-03T18:11:18.445,253.240,360.0,358.9
2026-09-03T18:11:18.539,253.335,360.0,358.9
2026-09-03T18:11:18.628,253.423,360.0,358.9
2026-09-03T18:11:18.740,253.535,359.9,358.9
2026-09-03T18:11:18.837,253.632,360.0,358.9
2026-09-03T18:11:18.927,253.723,360.0,358.9
2026-09-03T18:11:19.029,253.824,360.0,359.4
2026-09-03T18:11:19.142,253.937,359.9,359.5
2026-09-03T18:11:19.228,254.023,360.0,359.5
2026-09-03T18:11:19.335,254.131,360.0,359.5
2026-09-03T18:11:19.439,254.235,360.0,359.5
2026-09-03T18:11:19.530,254.325,360.0,359.5
2026-09-03T18:11:19.637,254.432,360.0,359.5
2026-09-03T18:11:19.731,254.527,360.0,359.5
2026-09-03T18:11:19.884,254.680,360.0,359.5
2026-09-03T18:11:19.924,254.720,360.0,359.5
2026-09-03T18:11:20.041,254.836,360.0,359.5
2026-09-03T18:11:20.134,254.930,360.0,359.5
2026-09-03T18:11:20.243,255.039,360.0,359.5
2026-09-03T18:11:20.334,255.129,360.0,359.8
2026-09-03T18:11:20.438,255.234,360.0,359.8
2026-09-03T18:11:20.541,255.336,360.0,359.8
2026-09-03T18:11:20.620,255.415,360.0,359.8
2026-09-03T18:11:20.726,255.522,360.0,359.8
2026-09-03T18:11:20.844,255.640,360.0,359.8
2026-09-03T18:11:20.948,255.743,360.0,359.8
2026-09-03T18:11:21.099,255.894,360.0,359.8
2026-09-03T18:11:21.147,255.942,360.0,359.8
2026-09-03T18:11:21.230,256.026,360.0,359.8
2026-09-03T18:11:21.335,256.131,360.0,0.8
2026-09-03T18:11:21.437,256.233,360.0,0.8
2026-09-03T18:11:21.516,256.311,360.0,0.8
2026-09-03T18:11:21.636,256.431,360.0,0.8
2026-09-03T18:11:21.733,256.528,360.0,0.8
2026-09-03T18:11:21.834,256.629,360.0,0.8
2026-09-03T18:11:21.938,256.733,360.0,0.8
2026-09-03T18:11:22.035,256.830,360.0,0.8
2026-09-03T18:11:22.141,256.937,360.0,1.7
2026-09-03T18:11:22.263,257.058,360.0,1.8
2026-09-03T18:11:22.331,257.127,360.0,1.8
2026-09-03T18:11:22.438,257.233,359.9,1.8
2026-09-03T18:11:22.521,257.317,360.0,1.8
2026-09-03T18:11:22.626,257.422,360.0,1.8
2026-09-03T18:11:22.727,257.522,360.0,1.8
2026-09-03T18:11:22.837,257.632,360.0,1.8
2026-09-03T18:11:22.941,257.737,360.0,1.7
2026-09-03T18:11:23.029,257.825,360.0,0.8
2026-09-03T18:11:23.133,257.929,360.0,0.8
2026-09-03T18:11:23.237,258.033,360.0,0.8
2026-09-03T18:11:23.341,258.136,360.0,0.8
2026-09-03T18:11:23.426,258.222,360.0,0.9
2026-09-03T18:11:23.524,258.320,360.0,1.8
2026-09-03T18:11:23.624,258.419,360.0,1.8
2026-09-03T18:11:23.726,258.521,360.0,1.3
2026-09-03T18:11:23.831,258.627,360.0,0.6
2026-09-03T18:11:23.962,258.757,360.0,359.4
2026-09-03T18:11:24.035,258.830,360.0,359.4
2026-09-03T18:11:24.152,258.948,360.0,359.4
2026-09-03T18:11:24.233,259.028,360.0,359.4
2026-09-03T18:11:24.342,259.137,360.0,359.4
2026-09-03T18:11:24.441,259.237,360.0,359.4
2026-09-03T18:11:24.561,259.356,360.0,359.4
2026-09-03T18:11:24.656,259.452,360.0,359.4
2026-09-03T18:11:24.738,259.534,360.0,359.4
2026-09-03T18:11:24.835,259.631,360.0,359.4
2026-09-03T18:11:24.936,259.731,360.0,359.4
2026-09-03T18:11:25.037,259.833,360.0,359.4
2026-09-03T18:11:25.118,259.914,360.0,359.4
2026-09-03T18:11:25.225,260.021,360.0,359.4
2026-09-03T18:11:25.347,260.142,360.0,359.4
2026-09-03T18:11:25.449,260.244,360.0,359.4
2026-09-03T18:11:25.533,260.329,360.0,359.4
2026-09-03T18:11:25.631,260.426,360.0,359.4
2026-09-03T18:11:25.770,260.565,360.0,359.4
2026-09-03T18:11:25.817,260.612,360.0,359.4
2026-09-03T18:11:25.952,260.747,360.0,359.4
2026-09-03T18:11:26.029,260.825,360.0,359.4
2026-09-03T18:11:26.143,260.939,360.0,359.4
2026-09-03T18:11:26.230,261.026,360.0,359.4
2026-09-03T18:11:26.342,261.138,360.0,359.4
2026-09-03T18:11:26.432,261.228,360.0,359.4
2026-09-03T18:11:26.542,261.338,360.0,359.4
2026-09-03T18:11:26.627,261.422,360.0,359.4
2026-09-03T18:11:26.738,261.534,360.0,359.4
2026-09-03T18:11:26.856,261.652,360.0,359.4
2026-09-03T18:11:26.925,261.721,360.0,359.4
2026-09-03T18:11:27.034,261.830,360.0,359.4
2026-09-03T18:11:27.134,261.929,360.0,359.4
2026-09-03T18:11:27.251,262.047,360.0,359.4
2026-09-03T18:11:27.350,262.146,360.0,359.4
2026-09-03T18:11:27.445,262.241,360.0,359.4
2026-09-03T18:11:27.526,262.321,360.0,359.4
2026-09-03T18:11:27.638,262.434,360.0,359.4
2026-09-03T18:11:27.722,262.518,360.0,359.4
2026-09-03T18:11:27.821,262.617,360.0,359.4
2026-09-03T18:11:27.932,262.728,360.0,359.4
2026-09-03T18:11:28.049,262.844,358.5,359.4
2026-09-03T18:11:28.137,262.933,360.0,359.4
2026-09-03T18:11:28.227,263.023,360.0,359.4
2026-09-03T18:11:28.337,263.133,360.0,359.4
2026-09-03T18:11:28.427,263.222,360.0,359.4
2026-09-03T18:11:28.533,263.328,360.0,359.4
2026-09-03T18:11:28.640,263.435,358.0,359.4
2026-09-03T18:11:28.730,263.526,360.0,359.4
2026-09-03T18:11:28.840,263.635,360.0,359.4
2026-09-03T18:11:28.932,263.727,360.0,359.4
2026-09-03T18:11:29.040,263.836,360.0,359.4
2026-09-03T18:11:29.125,263.921,360.0,359.3
2026-09-03T18:11:29.237,264.033,360.0,0.9
2026-09-03T18:11:29.327,264.123,360.0,0.7
2026-09-03T18:11:29.454,264.249,360.0,0.7
2026-09-03T18:11:29.543,264.338,360.0,0.7
2026-09-03T18:11:29.619,264.415,360.0,0.7
2026-09-03T18:11:29.718,264.514,360.0,0.7
2026-09-03T18:11:29.821,264.616,360.0,0.7
2026-09-03T18:11:29.932,264.728,360.0,0.7
2026-09-03T18:11:30.039,264.834,360.0,0.7
2026-09-03T18:11:30.126,264.921,360.0,0.7
2026-09-03T18:11:30.229,265.025,360.0,0.7
2026-09-03T18:11:30.340,265.135,360.0,0.7
2026-09-03T18:11:30.420,265.215,360.0,0.7
2026-09-03T18:11:30.527,265.322,360.0,0.7
2026-09-03T18:11:30.619,265.414,360.0,0.7
2026-09-03T18:11:30.720,265.515,360.0,0.7
2026-09-03T18:11:30.832,265.627,360.0,0.7
2026-09-03T18:11:30.940,265.736,360.0,0.7
2026-09-03T18:11:31.027,265.822,360.0,0.7
2026-09-03T18:11:31.130,265.926,360.0,0.7
2026-09-03T18:11:31.256,266.052,360.0,0.7
2026-09-03T18:11:31.340,266.136,360.0,0.7
2026-09-03T18:11:31.427,266.223,360.0,0.7
2026-09-03T18:11:31.541,266.337,360.0,0.7
2026-09-03T18:11:31.650,266.445,360.0,0.7
2026-09-03T18:11:31.741,266.536,360.0,0.7
2026-09-03T18:11:31.821,266.617,360.0,0.7
2026-09-03T18:11:31.919,266.715,360.0,0.7
2026-09-03T18:11:32.024,266.820,360.0,0.7
2026-09-03T18:11:32.127,266.923,360.0,0.7
2026-09-03T18:11:32.224,267.020,360.0,0.7
2026-09-03T18:11:32.346,267.141,360.0,0.7
2026-09-03T18:11:32.441,267.236,360.0,0.7
2026-09-03T18:11:32.538,267.334,360.0,0.7
2026-09-03T18:11:32.622,267.418,360.0,0.7
2026-09-03T18:11:32.734,267.530,360.0,0.7
2026-09-03T18:11:32.842,267.637,360.0,0.7
2026-09-03T18:11:32.934,267.730,360.0,0.7
2026-09-03T18:11:33.049,267.844,360.0,0.7
2026-09-03T18:11:33.127,267.922,360.0,0.7
2026-09-03T18:11:33.235,268.030,360.0,0.7
2026-09-03T18:11:33.341,268.136,360.0,0.7
2026-09-03T18:11:33.420,268.216,360.0,0.7
2026-09-03T18:11:33.529,268.324,360.0,0.7
2026-09-03T18:11:33.642,268.437,360.0,0.7
2026-09-03T18:11:33.732,268.528,360.0,0.7
2026-09-03T18:11:33.835,268.630,360.0,0.7
2026-09-03T18:11:33.932,268.727,360.0,0.7
2026-09-03T18:11:34.032,268.828,360.0,0.7
2026-09-03T18:11:34.143,268.939,360.0,0.7
2026-09-03T18:11:34.227,269.022,360.0,0.7
2026-09-03T18:11:34.339,269.134,360.0,0.7
2026-09-03T18:11:34.424,269.219,360.0,0.7
2026-09-03T18:11:34.523,269.318,360.0,0.7
2026-09-03T18:11:34.620,269.416,360.0,0.7
2026-09-03T18:11:34.719,269.514,360.0,0.7
2026-09-03T18:11:34.823,269.618,360.0,0.7
2026-09-03T18:11:34.929,269.725,360.0,0.7
2026-09-03T18:11:35.038,269.834,360.0,0.7
2026-09-03T18:11:35.123,269.918,360.0,0.7
2026-09-03T18:11:35.233,270.028,360.0,0.7
2026-09-03T18:11:35.335,270.131,360.0,0.7
2026-09-03T18:11:35.441,270.236,360.0,0.7
2026-09-03T18:11:35.525,270.320,360.0,0.7
2026-09-03T18:11:35.644,270.439,360.0,0.7
2026-09-03T18:11:35.730,270.525,360.0,0.7
2026-09-03T18:11:35.855,270.651,360.0,0.7
2026-09-03T18:11:35.932,270.728,360.0,0.7
2026-09-03T18:11:36.053,270.848,360.0,0.7
2026-09-03T18:11:36.140,270.935,360.0,0.7
2026-09-03T18:11:36.235,271.031,360.0,0.7
2026-09-03T18:11:36.330,271.125,360.0,0.7
2026-09-03T18:11:36.444,271.240,360.0,0.7
2026-09-03T18:11:36.535,271.331,360.0,0.7
2026-09-03T18:11:36.653,271.448,360.0,0.7
2026-09-03T18:11:36.748,271.544,360.0,0.7
2026-09-03T18:11:36.843,271.638,360.0,0.7
2026-09-03T18:11:36.931,271.726,360.0,0.7
2026-09-03T18:11:37.034,271.830,360.0,0.7
2026-09-03T18:11:37.142,271.938,360.0,0.7
2026-09-03T18:11:37.232,272.028,360.0,0.7
2026-09-03T18:11:37.344,272.140,360.0,0.7
2026-09-03T18:11:37.429,272.224,360.0,0.7
2026-09-03T18:11:37.548,272.344,360.0,0.7
2026-09-03T18:11:37.652,272.447,360.0,0.7
2026-09-03T18:11:37.757,272.552,360.0,0.7
2026-09-03T18:11:37.831,272.627,360.0,0.7
2026-09-03T18:11:37.933,272.729,360.0,0.7
2026-09-03T18:11:38.074,272.870,360.0,0.7
2026-09-03T18:11:38.118,272.913,360.0,0.7
2026-09-03T18:11:38.231,273.027,360.0,0.7
2026-09-03T18:11:38.344,273.139,360.0,0.7
2026-09-03T18:11:38.429,273.224,360.0,0.7
2026-09-03T18:11:38.529,273.325,360.0,0.7
2026-09-03T18:11:38.630,273.425,360.0,0.7
2026-09-03T18:11:38.736,273.531,360.0,0.7
2026-09-03T18:11:38.828,273.624,360.0,0.7
2026-09-03T18:11:38.936,273.732,360.0,0.7
2026-09-03T18:11:39.026,273.822,360.0,0.7
2026-09-03T18:11:39.132,273.928,360.0,0.7
2026-09-03T18:11:39.236,274.032,360.0,0.7
2026-09-03T18:11:39.335,274.130,360.0,0.7
2026-09-03T18:11:39.434,274.230,360.0,0.7
2026-09-03T18:11:39.534,274.329,360.0,0.7
2026-09-03T18:11:39.650,274.445,360.0,0.7
2026-09-03T18:11:39.756,274.551,360.0,0.7
2026-09-03T18:11:39.823,274.618,360.0,0.7
2026-09-03T18:11:39.937,274.732,360.0,0.7
2026-09-03T18:11:40.027,274.823,360.0,0.7
2026-09-03T18:11:40.140,274.936,360.0,0.7
2026-09-03T18:11:40.238,275.034,360.0,0.7
2026-09-03T18:11:40.332,275.128,360.0,0.7
2026-09-03T18:11:40.443,275.239,360.0,0.7
2026-09-03T18:11:40.520,275.316,360.0,0.7
2026-09-03T18:11:40.652,275.448,360.0,0.7
2026-09-03T18:11:40.742,275.537,360.0,0.7
2026-09-03T18:11:40.835,275.630,360.0,0.7
2026-09-03T18:11:40.924,275.719,360.0,0.7
2026-09-03T18:11:41.025,275.821,360.0,0.7
2026-09-03T18:11:41.128,275.924,360.0,0.7
2026-09-03T18:11:41.242,276.038,360.0,0.7
2026-09-03T18:11:41.333,276.128,360.0,0.7
2026-09-03T18:11:41.450,276.245,360.0,0.7
2026-09-03T18:11:41.573,276.369,360.0,0.7
2026-09-03T18:11:41.639,276.434,360.0,0.7
2026-09-03T18:11:41.765,276.561,360.0,0.7
2026-09-03T18:11:41.841,276.636,360.0,0.7
2026-09-03T18:11:41.945,276.741,360.0,0.7
2026-09-03T18:11:42.023,276.819,360.0,0.7
2026-09-03T18:11:42.138,276.933,360.0,0.7
2026-09-03T18:11:42.236,277.032,360.0,0.7
2026-09-03T18:11:42.318,277.114,360.0,0.7
2026-09-03T18:11:42.417,277.213,360.0,0.7
2026-09-03T18:11:42.523,277.319,360.0,0.7
2026-09-03T18:11:42.619,277.414,360.0,0.7
2026-09-03T18:11:42.727,277.523,360.0,0.7
2026-09-03T18:11:42.853,277.648,360.0,0.7
2026-09-03T18:11:42.937,277.732,360.0,0.7
2026-09-03T18:11:43.028,277.823,360.0,0.7
2026-09-03T18:11:43.122,277.917,360.0,0.7
2026-09-03T18:11:43.228,278.023,360.0,0.7
2026-09-03T18:11:43.344,278.139,360.0,0.7
2026-09-03T18:11:43.428,278.223,360.0,0.7
2026-09-03T18:11:43.538,278.333,360.0,0.7
2026-09-03T18:11:43.628,278.423,360.0,0.7
2026-09-03T18:11:43.736,278.532,360.0,0.7
2026-09-03T18:11:43.831,278.627,360.0,0.7
2026-09-03T18:11:43.934,278.730,360.0,0.7
2026-09-03T18:11:44.028,278.823,360.0,0.7
2026-09-03T18:11:44.145,278.940,360.0,0.7
2026-09-03T18:11:44.238,279.033,360.0,0.7
2026-09-03T18:11:44.345,279.141,360.0,0.7
2026-09-03T18:11:44.443,279.238,360.0,0.7
2026-09-03T18:11:44.573,279.369,360.0,0.7
2026-09-03T18:11:44.639,279.434,360.0,0.7
2026-09-03T18:11:44.748,279.543,360.0,0.7
2026-09-03T18:11:44.850,279.645,360.0,0.7
2026-09-03T18:11:44.945,279.741,360.0,0.7
2026-09-03T18:11:45.048,279.843,360.0,0.7
2026-09-03T18:11:45.142,279.938,360.0,0.7
2026-09-03T18:11:45.239,280.034,360.0,0.7
2026-09-03T18:11:45.362,280.157,360.0,0.7
2026-09-03T18:11:45.424,280.219,360.0,0.7
2026-09-03T18:11:45.575,280.370,360.0,0.7
2026-09-03T18:11:45.621,280.417,360.0,0.7
2026-09-03T18:11:45.734,280.529,360.0,0.7
2026-09-03T18:11:45.835,280.631,360.0,0.7
2026-09-03T18:11:45.933,280.728,360.0,0.7
2026-09-03T18:11:46.051,280.847,360.0,0.7
2026-09-03T18:11:46.122,280.918,360.0,0.7
2026-09-03T18:11:46.255,281.051,360.0,0.7
2026-09-03T18:11:46.324,281.120,360.0,0.7
2026-09-03T18:11:46.436,281.231,360.0,0.7
2026-09-03T18:11:46.523,281.318,360.0,0.7
2026-09-03T18:11:46.635,281.430,360.0,0.7
2026-09-03T18:11:46.735,281.530,360.0,0.7
2026-09-03T18:11:46.838,281.633,360.0,0.7
2026-09-03T18:11:46.923,281.719,360.0,0.7
2026-09-03T18:11:47.024,281.819,360.0,0.7
2026-09-03T18:11:47.136,281.931,360.0,0.7
2026-09-03T18:11:47.250,282.045,360.0,0.7
2026-09-03T18:11:47.370,282.165,360.0,0.7
2026-09-03T18:11:47.437,282.233,360.0,0.7
2026-09-03T18:11:47.537,282.332,360.0,0.7
2026-09-03T18:11:47.638,282.434,360.0,0.7
2026-09-03T18:11:47.734,282.529,360.0,0.7
2026-09-03T18:11:47.834,282.629,360.0,0.7
2026-09-03T18:11:47.939,282.735,360.0,0.7
2026-09-03T18:11:48.022,282.817,360.0,0.7
2026-09-03T18:11:48.128,282.923,360.0,0.7
2026-09-03T18:11:48.233,283.029,360.0,0.7
2026-09-03T18:11:48.377,283.173,360.0,0.7
2026-09-03T18:11:48.439,283.235,360.0,0.7
2026-09-03T18:11:48.528,283.323,360.0,0.7
2026-09-03T18:11:48.632,283.427,360.0,0.7
2026-09-03T18:11:48.733,283.528,360.0,0.7
2026-09-03T18:11:48.837,283.633,360.0,0.7
2026-09-03T18:11:48.942,283.738,360.0,0.7
2026-09-03T18:11:49.041,283.836,360.0,0.7
2026-09-03T18:11:49.140,283.936,360.0,0.7
2026-09-03T18:11:49.235,284.031,360.0,0.7
2026-09-03T18:11:49.326,284.122,360.0,0.7
2026-09-03T18:11:49.445,284.240,360.0,0.7
2026-09-03T18:11:49.539,284.334,360.0,0.7
2026-09-03T18:11:49.651,284.447,360.0,0.7
2026-09-03T18:11:49.723,284.518,360.0,0.7
2026-09-03T18:11:49.838,284.634,360.0,0.7
2026-09-03T18:11:49.919,284.715,360.0,0.7
2026-09-03T18:11:50.033,284.828,360.0,0.7
2026-09-03T18:11:50.173,284.968,360.0,0.7
2026-09-03T18:11:50.224,285.020,360.0,0.7
2026-09-03T18:11:50.343,285.139,360.0,0.7
2026-09-03T18:11:50.447,285.243,360.0,0.7
2026-09-03T18:11:50.536,285.331,360.0,0.7
2026-09-03T18:11:50.624,285.420,360.0,0.7
2026-09-03T18:11:50.750,285.545,360.0,0.7
2026-09-03T18:11:50.825,285.621,360.0,0.7
2026-09-03T18:11:50.938,285.734,360.0,0.7
2026-09-03T18:11:51.038,285.834,360.0,0.7
2026-09-03T18:11:51.122,285.918,360.0,0.7
2026-09-03T18:11:51.240,286.035,360.0,0.7
2026-09-03T18:11:51.326,286.121,360.0,0.7
2026-09-03T18:11:51.427,286.223,360.0,0.7
2026-09-03T18:11:51.535,286.330,360.0,0.7
2026-09-03T18:11:51.630,286.425,360.0,0.7
2026-09-03T18:11:51.735,286.531,360.0,0.7
2026-09-03T18:11:51.839,286.634,360.0,0.7
2026-09-03T18:11:51.929,286.725,360.0,0.7
2026-09-03T18:11:52.032,286.828,360.0,0.7
2026-09-03T18:11:52.137,286.932,360.0,0.7
2026-09-03T18:11:52.220,287.016,360.0,0.7
2026-09-03T18:11:52.330,287.125,360.0,0.7
2026-09-03T18:11:52.432,287.228,360.0,0.7
2026-09-03T18:11:52.538,287.333,360.0,0.7
2026-09-03T18:11:52.624,287.420,360.0,0.7
2026-09-03T18:11:52.730,287.526,360.0,0.7
2026-09-03T18:11:52.852,287.647,360.0,0.7
2026-09-03T18:11:52.936,287.732,360.0,0.7
2026-09-03T18:11:53.035,287.830,360.0,0.7
2026-09-03T18:11:53.142,287.938,360.0,0.7
2026-09-03T18:11:53.235,288.031,360.0,0.7
2026-09-03T18:11:53.327,288.122,360.0,0.7
2026-09-03T18:11:53.437,288.232,360.0,0.7
2026-09-03T18:11:53.543,288.338,360.0,0.7
2026-09-03T18:11:53.631,288.427,360.0,0.7
2026-09-03T18:11:53.735,288.530,360.0,0.7
2026-09-03T18:11:53.834,288.629,360.0,0.7
2026-09-03T18:11:53.946,288.742,360.0,0.7
2026-09-03T18:11:54.036,288.831,360.0,0.7
2026-09-03T18:11:54.127,288.922,360.0,0.7
2026-09-03T18:11:54.240,289.035,360.0,0.7
2026-09-03T18:11:54.333,289.128,360.0,0.7
2026-09-03T18:11:54.423,289.219,360.0,0.7
2026-09-03T18:11:54.521,289.317,360.0,0.7
2026-09-03T18:11:54.636,289.431,360.0,0.7
2026-09-03T18:11:54.742,289.538,360.0,0.7
2026-09-03T18:11:54.831,289.626,360.0,0.7
2026-09-03T18:11:54.947,289.743,360.0,0.7
2026-09-03T18:11:55.034,289.829,360.0,0.7
2026-09-03T18:11:55.144,289.940,360.0,0.7
2026-09-03T18:11:55.228,290.024,360.0,0.7
2026-09-03T18:11:55.338,290.134,360.0,0.7
2026-09-03T18:11:55.418,290.214,360.0,0.7
2026-09-03T18:11:55.525,290.320,360.0,0.7
2026-09-03T18:11:55.624,290.420,360.0,0.7
2026-09-03T18:11:55.720,290.516,360.0,0.7
2026-09-03T18:11:55.821,290.616,360.0,0.7
2026-09-03T18:11:55.939,290.735,360.0,0.7
2026-09-03T18:11:56.022,290.817,360.0,0.7
2026-09-03T18:11:56.143,290.938,360.0,0.7
2026-09-03T18:11:56.221,291.017,360.0,0.7
2026-09-03T18:11:56.323,291.118,360.0,0.7
2026-09-03T18:11:56.439,291.234,360.0,0.7
2026-09-03T18:11:56.519,291.314,360.0,0.7
2026-09-03T18:11:56.626,291.422,360.0,0.7
2026-09-03T18:11:56.736,291.531,360.0,0.7
2026-09-03T18:11:56.846,291.641,360.0,0.7
2026-09-03T18:11:56.922,291.718,360.0,0.7
2026-09-03T18:11:57.034,291.829,360.0,0.7
2026-09-03T18:11:57.139,291.935,360.0,0.7
2026-09-03T18:11:57.230,292.025,360.0,0.7
2026-09-03T18:11:57.326,292.122,360.0,0.7
2026-09-03T18:11:57.452,292.247,360.0,0.7
2026-09-03T18:11:57.541,292.336,360.0,0.7
2026-09-03T18:11:57.627,292.423,360.0,0.7
2026-09-03T18:11:57.735,292.531,360.0,0.7
2026-09-03T18:11:57.840,292.636,360.0,0.7
2026-09-03T18:11:57.958,292.753,360.0,0.7
2026-09-03T18:11:58.037,292.832,360.0,0.7
2026-09-03T18:11:58.141,292.937,360.0,0.7
2026-09-03T18:11:58.251,293.046,360.0,0.7
2026-09-03T18:11:58.336,293.132,360.0,0.7
2026-09-03T18:11:58.422,293.218,360.0,0.7
2026-09-03T18:11:58.543,293.339,360.0,0.7
2026-09-03T18:11:58.616,293.412,360.0,0.7
2026-09-03T18:11:58.752,293.547,360.0,0.7
2026-09-03T18:11:58.848,293.644,360.0,0.7
2026-09-03T18:11:58.957,293.753,360.0,0.7
2026-09-03T18:11:59.040,293.836,360.0,0.7
2026-09-03T18:11:59.118,293.914,360.0,0.7
2026-09-03T18:11:59.242,294.037,360.0,0.7
2026-09-03T18:11:59.317,294.113,360.0,0.7
2026-09-03T18:11:59.422,294.218,360.0,0.7
2026-09-03T18:11:59.534,294.329,360.0,0.7
2026-09-03T18:11:59.624,294.420,360.0,0.7
2026-09-03T18:11:59.727,294.523,360.0,0.7
2026-09-03T18:11:59.842,294.637,360.0,0.7
2026-09-03T18:11:59.925,294.721,360.0,0.7
2026-09-03T18:12:00.030,294.825,360.0,0.7
2026-09-03T18:12:00.142,294.938,360.0,0.7
2026-09-03T18:12:00.221,295.016,360.0,0.7
2026-09-03T18:12:00.330,295.125,360.0,0.7
2026-09-03T18:12:00.434,295.230,360.0,0.7
2026-09-03T18:12:00.534,295.330,360.0,0.7
2026-09-03T18:12:00.646,295.442,360.0,0.7
2026-09-03T18:12:00.741,295.536,360.0,0.7
2026-09-03T18:12:00.825,295.620,360.0,0.7
2026-09-03T18:12:00.936,295.732,360.0,0.7
2026-09-03T18:12:01.036,295.832,360.0,0.7
2026-09-03T18:12:01.138,295.934,360.0,0.7
2026-09-03T18:12:01.248,296.043,360.0,0.7
2026-09-03T18:12:01.342,296.138,360.0,0.7
2026-09-03T18:12:01.439,296.235,360.0,0.7
2026-09-03T18:12:01.535,296.331,360.0,0.7
2026-09-03T18:12:01.655,296.451,360.0,0.7
2026-09-03T18:12:01.752,296.548,360.0,0.7
2026-09-03T18:12:01.835,296.631,360.0,0.7
2026-09-03T18:12:01.940,296.735,360.0,0.7
2026-09-03T18:12:02.030,296.825,360.0,0.7
2026-09-03T18:12:02.129,296.925,360.0,0.7
2026-09-03T18:12:02.238,297.033,360.0,0.7
2026-09-03T18:12:02.330,297.126,360.0,0.7
2026-09-03T18:12:02.444,297.240,360.0,0.7
2026-09-03T18:12:02.526,297.322,360.0,0.7
2026-09-03T18:12:02.651,297.446,360.0,0.7
2026-09-03T18:12:02.760,297.556,360.0,0.7
2026-09-03T18:12:02.821,297.617,360.0,0.7
2026-09-03T18:12:02.924,297.720,360.0,0.7
2026-09-03T18:12:03.029,297.824,360.0,0.7
2026-09-03T18:12:03.162,297.958,360.0,0.7
2026-09-03T18:12:03.220,298.016,360.0,0.7
2026-09-03T18:12:03.345,298.141,360.0,0.7
2026-09-03T18:12:03.460,298.256,360.0,0.7
2026-09-03T18:12:03.518,298.313,360.0,0.7
2026-09-03T18:12:03.637,298.432,360.0,0.7
2026-09-03T18:12:03.725,298.521,360.0,0.7
2026-09-03T18:12:03.839,298.635,360.0,0.7
2026-09-03T18:12:03.919,298.715,360.0,0.7
2026-09-03T18:12:04.018,298.814,360.0,0.7
2026-09-03T18:12:04.120,298.915,360.0,0.7
2026-09-03T18:12:04.227,299.022,360.0,0.7
2026-09-03T18:12:04.350,299.145,360.0,0.7
2026-09-03T18:12:04.438,299.234,360.0,0.7
2026-09-03T18:12:04.530,299.326,360.0,0.7
2026-09-03T18:12:04.640,299.436,360.0,0.7
2026-09-03T18:12:04.725,299.521,360.0,0.7
2026-09-03T18:12:04.818,299.613,360.0,0.7
2026-09-03T18:12:04.942,299.738,360.0,0.7
2026-09-03T18:12:05.021,299.817,360.0,0.7
2026-09-03T18:12:05.133,299.928,360.0,0.7
2026-09-03T18:12:05.232,300.028,360.0,0.7
2026-09-03T18:12:05.330,300.125,360.0,0.7
2026-09-03T18:12:05.435,300.230,360.0,0.7
2026-09-03T18:12:05.535,300.331,360.0,0.7
2026-09-03T18:12:05.636,300.431,360.0,0.7
2026-09-03T18:12:05.736,300.531,360.0,0.7
2026-09-03T18:12:05.851,300.646,360.0,0.7
2026-09-03T18:12:05.938,300.733,360.0,0.7
2026-09-03T18:12:06.020,300.815,360.0,0.7
2026-09-03T18:12:06.126,300.921,360.0,0.7
2026-09-03T18:12:06.245,301.041,360.0,0.7
2026-09-03T18:12:06.341,301.137,360.0,0.7
2026-09-03T18:12:06.429,301.224,360.0,0.7
2026-09-03T18:12:06.533,301.329,360.0,0.7
2026-09-03T18:12:06.648,301.443,360.0,0.7
2026-09-03T18:12:06.731,301.526,360.0,0.7
2026-09-03T18:12:06.849,301.645,360.0,0.7
2026-09-03T18:12:06.943,301.738,360.0,0.7
2026-09-03T18:12:07.035,301.830,360.0,0.7
2026-09-03T18:12:07.158,301.954,360.0,0.7
2026-09-03T18:12:07.238,302.033,360.0,0.7
2026-09-03T18:12:07.369,302.164,360.0,0.7
2026-09-03T18:12:07.474,302.270,360.0,0.7
2026-09-03T18:12:07.544,302.339,360.0,0.7
2026-09-03T18:12:07.651,302.447,360.0,0.7
2026-09-03T18:12:07.719,302.515,360.0,0.7
2026-09-03T18:12:07.818,302.614,360.0,0.7
2026-09-03T18:12:07.930,302.726,360.0,0.7
2026-09-03T18:12:08.059,302.855,360.0,0.7
2026-09-03T18:12:08.134,302.929,360.0,0.7
2026-09-03T18:12:08.247,303.043,360.0,0.7
2026-09-03T18:12:08.333,303.129,360.0,0.7
2026-09-03T18:12:08.433,303.228,360.0,0.7
2026-09-03T18:12:08.529,303.325,360.0,0.7
2026-09-03T18:12:08.636,303.431,360.0,0.7
2026-09-03T18:12:08.732,303.528,360.0,0.7
2026-09-03T18:12:08.832,303.627,360.0,0.7
2026-09-03T18:12:08.922,303.717,360.0,0.7
2026-09-03T18:12:09.031,303.826,360.0,0.7
2026-09-03T18:12:09.136,303.932,360.0,0.7
2026-09-03T18:12:09.236,304.032,360.0,0.7
2026-09-03T18:12:09.326,304.122,360.0,0.7
2026-09-03T18:12:09.430,304.226,360.0,0.7
2026-09-03T18:12:09.539,304.334,360.0,0.7
2026-09-03T18:12:09.637,304.432,360.0,0.7
2026-09-03T18:12:09.727,304.522,360.0,0.7
2026-09-03T18:12:09.840,304.635,360.0,0.7
2026-09-03T18:12:09.933,304.728,360.0,0.7
2026-09-03T18:12:10.105,304.901,360.0,0.7
2026-09-03T18:12:10.161,304.957,360.0,0.7
2026-09-03T18:12:10.232,305.028,360.0,0.7
2026-09-03T18:12:10.319,305.115,360.0,0.7
2026-09-03T18:12:10.423,305.218,360.0,0.7
2026-09-03T18:12:10.529,305.325,360.0,0.7
2026-09-03T18:12:10.650,305.445,360.0,0.7
2026-09-03T18:12:10.733,305.529,360.0,0.7
2026-09-03T18:12:10.844,305.639,360.0,0.7
2026-09-03T18:12:10.929,305.724,360.0,0.7
2026-09-03T18:12:11.056,305.852,360.0,0.7
2026-09-03T18:12:11.135,305.930,360.0,0.7
2026-09-03T18:12:11.243,306.039,360.0,0.7
2026-09-03T18:12:11.334,306.129,360.0,0.7
2026-09-03T18:12:11.443,306.239,360.0,0.7
2026-09-03T18:12:11.544,306.339,360.0,0.7
2026-09-03T18:12:11.616,306.412,360.0,0.7
2026-09-03T18:12:11.738,306.534,360.0,0.7
2026-09-03T18:12:11.820,306.615,360.0,0.7
2026-09-03T18:12:11.921,306.717,360.0,0.7
2026-09-03T18:12:12.020,306.815,360.0,0.7
2026-09-03T18:12:12.125,306.920,360.0,0.7
2026-09-03T18:12:12.252,307.047,360.0,0.7
2026-09-03T18:12:12.323,307.119,360.0,0.7
2026-09-03T18:12:12.446,307.242,360.0,0.7
2026-09-03T18:12:12.527,307.323,360.0,0.7
2026-09-03T18:12:12.637,307.432,360.0,0.7
2026-09-03T18:12:12.722,307.518,360.0,0.7
2026-09-03T18:12:12.818,307.614,360.0,0.7
2026-09-03T18:12:12.921,307.717,360.0,0.7
2026-09-03T18:12:13.070,307.865,360.0,0.7
2026-09-03T18:12:13.127,307.922,360.0,0.7
2026-09-03T18:12:13.244,308.039,360.0,0.7
2026-09-03T18:12:13.324,308.119,360.0,0.7
2026-09-03T18:12:13.434,308.230,360.0,0.7
2026-09-03T18:12:13.531,308.326,360.0,0.7
2026-09-03T18:12:13.641,308.436,360.0,0.7
2026-09-03T18:12:13.727,308.523,360.0,0.7
2026-09-03T18:12:13.850,308.645,360.0,0.7
2026-09-03T18:12:13.937,308.732,360.0,0.7
2026-09-03T18:12:14.038,308.834,360.0,0.7
2026-09-03T18:12:14.118,308.913,360.0,0.7
2026-09-03T18:12:14.223,309.018,360.0,0.7
2026-09-03T18:12:14.334,309.129,360.0,0.7
2026-09-03T18:12:14.441,309.237,360.0,0.7
2026-09-03T18:12:14.528,309.323,360.0,0.7
2026-09-03T18:12:14.658,309.454,360.0,0.7
2026-09-03T18:12:14.726,309.522,360.0,0.7
2026-09-03T18:12:14.871,309.667,360.0,0.7
2026-09-03T18:12:14.948,309.743,360.0,0.7
2026-09-03T18:12:15.041,309.837,360.0,0.7
2026-09-03T18:12:15.136,309.932,360.0,0.7
2026-09-03T18:12:15.310,310.105,360.0,0.7
2026-09-03T18:12:15.358,310.153,360.0,0.7
2026-09-03T18:12:15.427,310.223,360.0,0.7
2026-09-03T18:12:15.539,310.334,360.0,0.7
2026-09-03T18:12:15.634,310.430,360.0,0.7
2026-09-03T18:12:15.722,310.518,360.0,0.7
2026-09-03T18:12:15.835,310.631,360.0,0.7
2026-09-03T18:12:15.955,310.751,360.0,0.7
2026-09-03T18:12:16.039,310.835,360.0,0.7
2026-09-03T18:12:16.122,310.918,360.0,0.7
2026-09-03T18:12:16.239,311.035,360.0,0.7
2026-09-03T18:12:16.357,311.152,360.0,0.7
2026-09-03T18:12:16.458,311.254,360.0,0.7
2026-09-03T18:12:16.519,311.314,360.0,0.7
2026-09-03T18:12:16.622,311.417,360.0,0.7
2026-09-03T18:12:16.723,311.519,360.0,0.7
2026-09-03T18:12:16.823,311.619,360.0,0.7
2026-09-03T18:12:16.923,311.719,360.0,0.7
2026-09-03T18:12:17.035,311.830,360.0,0.7
2026-09-03T18:12:17.119,311.914,360.0,0.7
2026-09-03T18:12:17.227,312.023,360.0,0.7
2026-09-03T18:12:17.339,312.134,360.0,0.7
2026-09-03T18:12:17.425,312.220,360.0,0.7
2026-09-03T18:12:17.535,312.331,360.0,0.7
2026-09-03T18:12:17.641,312.437,360.0,0.7
2026-09-03T18:12:17.729,312.525,360.0,0.7
2026-09-03T18:12:17.823,312.619,360.0,0.7
2026-09-03T18:12:17.924,312.720,360.0,0.7
2026-09-03T18:12:18.034,312.830,360.0,0.7
2026-09-03T18:12:18.133,312.929,360.0,0.7
2026-09-03T18:12:18.242,313.037,360.0,0.7
2026-09-03T18:12:18.326,313.122,360.0,0.7
2026-09-03T18:12:18.442,313.237,360.0,0.7
2026-09-03T18:12:18.549,313.345,360.0,0.7
2026-09-03T18:12:18.655,313.451,360.0,0.7
2026-09-03T18:12:18.723,313.518,360.0,0.7
2026-09-03T18:12:18.823,313.618,360.0,0.7
2026-09-03T18:12:18.934,313.729,360.0,0.7
2026-09-03T18:12:19.046,313.842,360.0,0.7
2026-09-03T18:12:19.130,313.926,360.0,0.7
2026-09-03T18:12:19.239,314.035,360.0,0.7
2026-09-03T18:12:19.339,314.135,360.0,0.7
2026-09-03T18:12:19.442,314.238,360.0,0.7
2026-09-03T18:12:19.538,314.334,360.0,0.7
2026-09-03T18:12:19.630,314.425,360.0,0.7
2026-09-03T18:12:19.749,314.544,360.0,0.7
2026-09-03T18:12:19.856,314.651,360.0,0.7
2026-09-03T18:12:19.941,314.737,360.0,0.7
2026-09-03T18:12:20.038,314.833,360.0,0.7
2026-09-03T18:12:20.168,314.964,360.0,0.7
2026-09-03T18:12:20.246,315.041,360.0,0.7
2026-09-03T18:12:20.352,315.147,360.0,0.7
2026-09-03T18:12:20.414,315.210,360.0,0.7
2026-09-03T18:12:20.547,315.343,360.0,0.7
2026-09-03T18:12:20.630,315.426,360.0,0.7
2026-09-03T18:12:20.724,315.520,360.0,0.7
2026-09-03T18:12:20.832,315.628,360.0,0.7
2026-09-03T18:12:20.941,315.736,360.0,0.7
2026-09-03T18:12:21.033,315.828,360.0,0.7
2026-09-03T18:12:21.131,315.926,360.0,0.7
2026-09-03T18:12:21.230,316.025,360.0,0.7
2026-09-03T18:12:21.334,316.129,360.0,0.7
2026-09-03T18:12:21.425,316.221,360.0,0.7
2026-09-03T18:12:21.545,316.341,360.0,0.7
2026-09-03T18:12:21.635,316.431,360.0,0.7
2026-09-03T18:12:21.724,316.519,360.0,0.7
2026-09-03T18:12:21.836,316.632,360.0,0.7
2026-09-03T18:12:21.922,316.717,360.0,0.7
2026-09-03T18:12:22.030,316.826,360.0,0.7
2026-09-03T18:12:22.141,316.936,360.0,0.7
2026-09-03T18:12:22.235,317.030,360.0,0.7
2026-09-03T18:12:22.430,317.226,360.0,0.7
2026-09-03T18:12:22.496,317.291,360.0,0.7
2026-09-03T18:12:22.550,317.346,360.0,0.7
2026-09-03T18:12:22.647,317.443,360.0,0.7
2026-09-03T18:12:22.744,317.539,360.0,0.7
2026-09-03T18:12:22.823,317.619,360.0,0.7
2026-09-03T18:12:22.938,317.733,360.0,0.7
2026-09-03T18:12:23.040,317.836,360.0,0.7
2026-09-03T18:12:23.123,317.918,360.0,0.7
2026-09-03T18:12:23.232,318.028,360.0,0.7
2026-09-03T18:12:23.334,318.129,360.0,0.7
2026-09-03T18:12:23.451,318.247,360.0,0.7
2026-09-03T18:12:23.546,318.341,360.0,0.7
2026-09-03T18:12:23.646,318.441,360.0,0.7
2026-09-03T18:12:23.738,318.534,360.0,0.7
2026-09-03T18:12:23.834,318.629,360.0,0.7
2026-09-03T18:12:23.941,318.736,360.0,0.7
2026-09-03T18:12:24.029,318.825,360.0,0.7
2026-09-03T18:12:24.141,318.937,360.0,0.7
2026-09-03T18:12:24.234,319.029,360.0,0.7
2026-09-03T18:12:24.342,319.138,360.0,0.7
2026-09-03T18:12:24.440,319.236,360.0,0.7
2026-09-03T18:12:24.522,319.318,360.0,0.7
2026-09-03T18:12:24.654,319.449,360.0,0.7
2026-09-03T18:12:24.750,319.545,360.0,0.7
2026-09-03T18:12:24.829,319.625,360.0,0.7
2026-09-03T18:12:24.917,319.713,360.0,0.7
2026-09-03T18:12:25.048,319.844,360.0,0.7
2026-09-03T18:12:25.123,319.918,360.0,0.7
2026-09-03T18:12:25.215,320.011,360.0,0.7
2026-09-03T18:12:25.368,320.164,360.0,0.7
2026-09-03T18:12:25.432,320.227,360.0,0.7
2026-09-03T18:12:25.529,320.325,360.0,0.7
2026-09-03T18:12:25.667,320.463,360.0,0.7
2026-09-03T18:12:25.762,320.557,360.0,0.7
2026-09-03T18:12:25.864,320.659,360.0,0.7
2026-09-03T18:12:25.955,320.750,360.0,0.7
2026-09-03T18:12:26.062,320.857,360.0,0.7
2026-09-03T18:12:26.133,320.929,360.0,0.7
2026-09-03T18:12:26.242,321.037,360.0,0.7
2026-09-03T18:12:26.340,321.136,360.0,0.7
2026-09-03T18:12:26.426,321.222,360.0,0.7
2026-09-03T18:12:26.543,321.338,360.0,0.7
2026-09-03T18:12:26.628,321.423,360.0,0.7
2026-09-03T18:12:26.729,321.525,360.0,0.7
2026-09-03T18:12:26.829,321.625,360.0,0.7
2026-09-03T18:12:26.950,321.746,360.0,0.7
2026-09-03T18:12:27.031,321.827,360.0,0.7
2026-09-03T18:12:27.144,321.940,360.0,0.7
2026-09-03T18:12:27.230,322.025,360.0,0.7
2026-09-03T18:12:27.335,322.131,360.0,0.7
2026-09-03T18:12:27.463,322.258,360.0,0.7
2026-09-03T18:12:27.550,322.346,360.0,0.7
2026-09-03T18:12:27.640,322.436,360.0,0.7
2026-09-03T18:12:27.738,322.534,360.0,0.7
2026-09-03T18:12:27.828,322.623,360.0,0.7
2026-09-03T18:12:27.952,322.748,360.0,0.7
2026-09-03T18:12:28.087,322.883,360.0,0.7
2026-09-03T18:12:28.141,322.936,360.0,0.7
2026-09-03T18:12:28.231,323.027,360.0,0.7
2026-09-03T18:12:28.342,323.138,360.0,0.7
2026-09-03T18:12:28.449,323.244,360.0,0.7
2026-09-03T18:12:28.544,323.339,360.0,0.7
2026-09-03T18:12:28.636,323.432,360.0,0.7
2026-09-03T18:12:28.743,323.539,360.0,0.7
2026-09-03T18:12:28.838,323.634,360.0,0.7
2026-09-03T18:12:28.971,323.766,360.0,0.7
2026-09-03T18:12:29.116,323.912,360.0,0.7
2026-09-03T18:12:29.188,323.984,360.0,0.7
2026-09-03T18:12:29.252,324.047,360.0,0.7
2026-09-03T18:12:29.323,324.118,360.0,0.7
2026-09-03T18:12:29.458,324.253,360.0,0.7
2026-09-03T18:12:29.528,324.323,360.0,0.7
2026-09-03T18:12:29.633,324.429,360.0,0.7
2026-09-03T18:12:29.733,324.529,360.0,0.7
2026-09-03T18:12:29.839,324.634,360.0,0.7
2026-09-03T18:12:29.928,324.724,360.0,0.7
2026-09-03T18:12:30.033,324.828,360.0,0.7
2026-09-03T18:12:30.128,324.924,360.0,0.7
2026-09-03T18:12:30.234,325.030,360.0,0.7
2026-09-03T18:12:30.335,325.131,360.0,0.7
2026-09-03T18:12:30.432,325.228,360.0,0.7
2026-09-03T18:12:30.543,325.339,360.0,0.7
2026-09-03T18:12:30.632,325.428,360.0,0.7
2026-09-03T18:12:30.748,325.544,360.0,0.7
2026-09-03T18:12:30.829,325.625,360.0,0.7
2026-09-03T18:12:30.940,325.736,360.0,0.7
2026-09-03T18:12:31.023,325.818,360.0,0.7
2026-09-03T18:12:31.126,325.922,360.0,0.7
2026-09-03T18:12:31.261,326.056,360.0,0.7
2026-09-03T18:12:31.314,326.109,360.0,0.7
2026-09-03T18:12:31.435,326.231,360.0,0.7
2026-09-03T18:12:31.530,326.326,360.0,0.7
2026-09-03T18:12:31.639,326.435,360.0,0.7
2026-09-03T18:12:31.722,326.517,360.0,0.7
2026-09-03T18:12:31.849,326.644,360.0,0.7
2026-09-03T18:12:31.940,326.736,360.0,0.7
2026-09-03T18:12:32.039,326.834,360.0,0.7
2026-09-03T18:12:32.122,326.918,360.0,0.7
2026-09-03T18:12:32.258,327.054,360.0,0.7
2026-09-03T18:12:32.339,327.134,360.0,0.7
2026-09-03T18:12:32.430,327.226,360.0,0.7
2026-09-03T18:12:32.538,327.333,360.0,0.7
2026-09-03T18:12:32.640,327.435,360.0,0.7
2026-09-03T18:12:32.739,327.534,360.0,0.7
2026-09-03T18:12:32.826,327.621,360.0,0.7
2026-09-03T18:12:32.969,327.765,360.0,0.7
2026-09-03T18:12:33.037,327.832,360.0,0.7
2026-09-03T18:12:33.132,327.928,360.0,0.7
2026-09-03T18:12:33.228,328.023,360.0,0.7
2026-09-03T18:12:33.348,328.144,360.0,0.7
2026-09-03T18:12:33.451,328.247,360.0,0.7
2026-09-03T18:12:33.519,328.315,360.0,0.7
2026-09-03T18:12:33.625,328.420,360.0,0.7
2026-09-03T18:12:33.721,328.516,360.0,0.7
2026-09-03T18:12:33.828,328.623,360.0,0.7
2026-09-03T18:12:33.930,328.725,360.0,0.7
2026-09-03T18:12:34.019,328.814,360.0,0.7
2026-09-03T18:12:34.126,328.922,360.0,0.7
2026-09-03T18:12:34.239,329.035,360.0,0.7
2026-09-03T18:12:34.324,329.119,360.0,0.7
2026-09-03T18:12:34.435,329.230,360.0,0.7
2026-09-03T18:12:34.521,329.316,360.0,0.7
2026-09-03T18:12:34.615,329.410,360.0,0.7
2026-09-03T18:12:34.732,329.528,360.0,0.7
2026-09-03T18:12:34.843,329.638,360.0,0.7
2026-09-03T18:12:34.941,329.736,360.0,0.7
2026-09-03T18:12:35.032,329.827,360.0,0.7
2026-09-03T18:12:35.130,329.925,360.0,0.7
2026-09-03T18:12:35.228,330.023,360.0,0.7
2026-09-03T18:12:35.332,330.128,360.0,0.7
2026-09-03T18:12:35.431,330.226,360.0,0.7
2026-09-03T18:12:35.541,330.337,360.0,0.7
2026-09-03T18:12:35.618,330.413,360.0,0.7
2026-09-03T18:12:35.725,330.521,360.0,0.7
2026-09-03T18:12:35.837,330.632,360.0,0.7
2026-09-03T18:12:35.930,330.725,360.0,0.7
2026-09-03T18:12:36.041,330.837,360.0,0.7
2026-09-03T18:12:36.128,330.923,360.0,0.7
2026-09-03T18:12:36.250,331.046,360.0,0.7
2026-09-03T18:12:36.349,331.144,360.0,0.7
2026-09-03T18:12:36.444,331.239,360.0,0.7
2026-09-03T18:12:36.551,331.346,360.0,0.7
2026-09-03T18:12:36.626,331.421,360.0,0.7
2026-09-03T18:12:36.751,331.546,360.0,0.7
2026-09-03T18:12:36.841,331.636,360.0,0.7
2026-09-03T18:12:36.938,331.733,360.0,0.7
2026-09-03T18:12:37.029,331.825,360.0,0.7
2026-09-03T18:12:37.158,331.953,360.0,0.7
2026-09-03T18:12:37.241,332.037,360.0,0.7
2026-09-03T18:12:37.354,332.150,360.0,0.7
2026-09-03T18:12:37.416,332.211,360.0,0.7
2026-09-03T18:12:37.522,332.318,360.0,0.7
2026-09-03T18:12:37.614,332.410,360.0,0.7
2026-09-03T18:12:37.743,332.539,360.0,0.7
2026-09-03T18:12:37.849,332.645,360.0,0.7
2026-09-03T18:12:37.925,332.720,360.0,0.7
2026-09-03T18:12:38.016,332.811,360.0,0.7
2026-09-03T18:12:38.129,332.924,360.0,0.7
2026-09-03T18:12:38.245,333.040,360.0,0.7
2026-09-03T18:12:38.335,333.131,360.0,0.9
2026-09-03T18:12:38.436,333.232,360.0,1.0
2026-09-03T18:12:38.521,333.317,360.0,1.4
2026-09-03T18:12:38.624,333.419,360.0,1.5
2026-09-03T18:12:38.720,333.515,360.0,3.3
2026-09-03T18:12:38.822,333.617,360.0,3.3
2026-09-03T18:12:38.919,333.714,360.0,3.4
2026-09-03T18:12:39.026,333.821,360.0,3.4
2026-09-03T18:12:39.130,333.926,360.0,3.4
2026-09-03T18:12:39.235,334.031,360.0,3.4
2026-09-03T18:12:39.333,334.129,360.0,5.1
2026-09-03T18:12:39.438,334.234,360.0,7.2
2026-09-03T18:12:39.523,334.319,360.0,8.3
2026-09-03T18:12:39.640,334.436,360.0,10.5
2026-09-03T18:12:39.726,334.522,360.0,13.4
2026-09-03T18:12:39.842,334.637,360.0,16.2
2026-09-03T18:12:39.944,334.739,360.0,17.6
2026-09-03T18:12:40.040,334.836,360.0,19.3
2026-09-03T18:12:40.133,334.928,360.0,22.0
2026-09-03T18:12:40.244,335.039,360.0,22.3
2026-09-03T18:12:40.321,335.116,360.0,21.4
2026-09-03T18:12:40.434,335.229,360.0,21.5
2026-09-03T18:12:40.539,335.334,360.0,21.5
2026-09-03T18:12:40.632,335.428,360.0,21.6
2026-09-03T18:12:40.729,335.524,360.0,22.0
2026-09-03T18:12:40.836,335.631,360.0,25.5
2026-09-03T18:12:40.932,335.728,360.0,26.7
2026-09-03T18:12:41.035,335.831,360.0,29.0
2026-09-03T18:12:41.139,335.935,360.0,32.0
2026-09-03T18:12:41.249,336.044,360.0,35.8
2026-09-03T18:12:41.341,336.136,360.0,38.2
2026-09-03T18:12:41.436,336.231,360.0,45.4
2026-09-03T18:12:41.576,336.371,360.0,49.4
2026-09-03T18:12:41.642,336.437,360.0,53.0
2026-09-03T18:12:41.741,336.536,360.0,56.5
2026-09-03T18:12:41.853,336.648,360.0,56.5
2026-09-03T18:12:41.932,336.727,360.0,56.5
2026-09-03T18:12:42.031,336.826,360.0,56.6
2026-09-03T18:12:42.135,336.930,360.0,69.1
2026-09-03T18:12:42.247,337.043,360.0,77.4
2026-09-03T18:12:42.352,337.147,360.0,82.7
2026-09-03T18:12:42.417,337.213,360.0,94.0
2026-09-03T18:12:42.530,337.326,360.0,105.0
2026-09-03T18:12:42.629,337.425,360.0,104.9
2026-09-03T18:12:42.735,337.531,360.0,105.0
2026-09-03T18:12:42.831,337.626,360.0,118.7
2026-09-03T18:12:42.941,337.736,360.0,139.9
2026-09-03T18:12:43.026,337.822,360.0,149.7
2026-09-03T18:12:43.142,337.937,360.0,152.1
2026-09-03T18:12:43.216,338.011,360.0,152.0
2026-09-03T18:12:43.323,338.118,360.0,154.2
2026-09-03T18:12:43.422,338.217,360.0,176.4
2026-09-03T18:12:43.529,338.325,360.0,191.6
2026-09-03T18:12:43.640,338.436,360.0,191.6
2026-09-03T18:12:43.739,338.534,360.0,191.2
2026-09-03T18:12:43.843,338.639,360.0,205.8
2026-09-03T18:12:43.941,338.737,360.0,228.3
2026-09-03T18:12:44.031,338.826,360.0,229.5
2026-09-03T18:12:44.137,338.933,360.0,229.5
2026-09-03T18:12:44.232,339.027,360.0,255.2
2026-09-03T18:12:44.338,339.134,360.0,292.4
2026-09-03T18:12:44.428,339.223,360.0,297.3
2026-09-03T18:12:44.537,339.333,360.0,297.3
2026-09-03T18:12:44.623,339.418,360.0,306.1
2026-09-03T18:12:44.744,339.540,360.0,330.3
2026-09-03T18:12:44.832,339.627,360.0,340.8
2026-09-03T18:12:44.941,339.737,360.0,340.8
2026-09-03T18:12:45.052,339.847,360.0,347.3
2026-09-03T18:12:45.138,339.933,360.0,36.6
2026-09-03T18:12:45.220,340.015,360.0,51.7
2026-09-03T18:12:45.343,340.138,360.0,51.5
2026-09-03T18:12:45.435,340.230,360.0,55.0
2026-09-03T18:12:45.523,340.319,360.0,98.9
2026-09-03T18:12:45.640,340.436,360.0,122.6
2026-09-03T18:12:45.726,340.521,360.0,122.6
2026-09-03T18:12:45.848,340.644,360.0,123.7
2026-09-03T18:12:45.974,340.769,360.0,171.7
2026-09-03T18:12:46.026,340.822,360.0,184.6
2026-09-03T18:12:46.153,340.949,360.0,184.6
2026-09-03T18:12:46.217,341.013,360.0,209.4
2026-09-03T18:12:46.323,341.118,360.0,262.4
2026-09-03T18:12:46.475,341.271,360.0,261.3
2026-09-03T18:12:46.523,341.318,360.0,261.5
2026-09-03T18:12:46.630,341.426,360.0,333.4
2026-09-03T18:12:46.743,341.538,360.0,342.3
2026-09-03T18:12:46.827,341.623,360.0,342.3
2026-09-03T18:12:46.925,341.721,360.0,346.6
2026-09-03T18:12:47.024,341.820,360.0,352.6
2026-09-03T18:12:47.129,341.925,360.0,352.6
2026-09-03T18:12:47.230,342.025,360.0,353.1
2026-09-03T18:12:47.331,342.126,360.0,22.8
2026-09-03T18:12:47.428,342.224,360.0,48.5
2026-09-03T18:12:47.534,342.329,360.0,51.7
2026-09-03T18:12:47.646,342.442,360.0,51.6
2026-09-03T18:12:47.721,342.517,360.0,101.3
2026-09-03T18:12:47.832,342.628,360.0,125.2
2026-09-03T18:12:47.925,342.721,360.0,125.2
2026-09-03T18:12:48.040,342.835,360.0,131.0
2026-09-03T18:12:48.127,342.922,360.0,174.6
2026-09-03T18:12:48.252,343.048,360.0,191.2
2026-09-03T18:12:48.319,343.115,360.0,191.2
2026-09-03T18:12:48.432,343.228,360.0,210.0
2026-09-03T18:12:48.551,343.347,360.0,252.2
2026-09-03T18:12:48.628,343.423,360.0,256.4
2026-09-03T18:12:48.730,343.525,360.0,257.8
2026-09-03T18:12:48.831,343.626,360.0,298.7
2026-09-03T18:12:48.938,343.734,360.0,337.9
2026-09-03T18:12:49.046,343.841,360.0,337.9
2026-09-03T18:12:49.135,343.930,360.0,338.6
2026-09-03T18:12:49.228,344.024,360.0,37.7
2026-09-03T18:12:49.339,344.135,360.0,51.2
2026-09-03T18:12:49.420,344.216,360.0,51.3
2026-09-03T18:12:49.529,344.324,360.0,106.3
2026-09-03T18:12:49.649,344.445,360.0,127.1
2026-09-03T18:12:49.764,344.559,360.0,127.0
2026-09-03T18:12:49.858,344.653,360.0,143.4
2026-09-03T18:12:49.938,344.734,360.0,187.4
2026-09-03T18:12:50.031,344.826,360.0,194.3
2026-09-03T18:12:50.139,344.935,360.0,194.8
2026-09-03T18:12:50.228,345.024,360.0,246.1
2026-09-03T18:12:50.359,345.155,360.0,257.4
2026-09-03T18:12:50.472,345.267,360.0,257.4
2026-09-03T18:12:50.519,345.314,360.0,293.4
2026-09-03T18:12:50.622,345.418,360.0,315.2
2026-09-03T18:12:50.739,345.535,360.0,314.7
2026-09-03T18:12:50.819,345.615,360.0,317.5
2026-09-03T18:12:50.918,345.714,360.0,322.4
2026-09-03T18:12:51.034,345.829,360.0,322.3
2026-09-03T18:12:51.128,345.923,360.0,322.5
2026-09-03T18:12:51.235,346.031,360.0,350.9
2026-09-03T18:12:51.337,346.133,360.0,354.0
2026-09-03T18:12:51.417,346.213,360.0,354.0
2026-09-03T18:12:51.524,346.320,360.0,359.6
2026-09-03T18:12:51.639,346.435,360.0,29.3
2026-09-03T18:12:51.725,346.521,360.0,39.1
2026-09-03T18:12:51.828,346.624,360.0,39.1
2026-09-03T18:12:51.940,346.736,360.0,85.3
2026-09-03T18:12:52.023,346.818,360.0,92.0
2026-09-03T18:12:52.140,346.935,360.0,90.5
2026-09-03T18:12:52.219,347.015,360.0,90.5
2026-09-03T18:12:52.328,347.124,360.0,90.5
2026-09-03T18:12:52.429,347.225,360.0,90.5
2026-09-03T18:12:52.528,347.324,360.0,90.5
2026-09-03T18:12:52.631,347.427,360.0,90.5
2026-09-03T18:12:52.735,347.531,360.0,90.5
2026-09-03T18:12:52.833,347.629,360.0,90.5
2026-09-03T18:12:52.916,347.712,360.0,90.5
2026-09-03T18:12:53.025,347.820,360.0,90.5
2026-09-03T18:12:53.181,347.977,360.0,90.5
2026-09-03T18:12:53.267,348.063,360.0,90.5
2026-09-03T18:12:53.328,348.124,360.0,90.5
2026-09-03T18:12:53.452,348.247,360.0,90.5
2026-09-03T18:12:53.534,348.330,360.0,90.4
2026-09-03T18:12:53.651,348.446,360.0,90.5
2026-09-03T18:12:53.732,348.527,360.0,90.5
2026-09-03T18:12:53.853,348.648,360.0,90.5
2026-09-03T18:12:53.935,348.731,360.0,90.5
2026-09-03T18:12:54.057,348.853,360.0,90.5
2026-09-03T18:12:54.133,348.928,360.0,90.5
2026-09-03T18:12:54.229,349.025,360.0,90.5
2026-09-03T18:12:54.365,349.161,360.0,90.5
2026-09-03T18:12:54.444,349.239,360.0,90.5
2026-09-03T18:12:54.541,349.337,360.0,90.5
2026-09-03T18:12:54.637,349.432,360.0,90.5
2026-09-03T18:12:54.760,349.555,360.0,90.5
2026-09-03T18:12:54.848,349.643,359.9,90.5
2026-09-03T18:12:54.938,349.733,360.0,90.5
2026-09-03T18:12:55.034,349.830,360.0,90.5
2026-09-03T18:12:55.154,349.950,360.0,90.5
2026-09-03T18:12:55.212,350.007,360.0,90.4
2026-09-03T18:12:55.339,350.134,360.0,90.5
2026-09-03T18:12:55.421,350.217,360.0,90.5
2026-09-03T18:12:55.523,350.319,360.0,90.5
2026-09-03T18:12:55.624,350.420,360.0,90.5
2026-09-03T18:12:55.742,350.537,360.0,90.4
2026-09-03T18:12:55.833,350.628,360.0,90.5
2026-09-03T18:12:55.937,350.732,360.0,90.5
2026-09-03T18:12:56.052,350.847,360.0,90.5
2026-09-03T18:12:56.133,350.928,360.0,90.5
2026-09-03T18:12:56.234,351.029,360.0,90.5
2026-09-03T18:12:56.331,351.127,360.0,90.5
2026-09-03T18:12:56.445,351.241,360.0,90.5
2026-09-03T18:12:56.531,351.327,349.9,90.5
2026-09-03T18:12:56.639,351.434,321.3,90.5
2026-09-03T18:12:56.729,351.525,297.3,90.4
2026-09-03T18:12:56.843,351.639,277.8,90.5
2026-09-03T18:12:56.933,351.728,360.0,90.5
2026-09-03T18:12:57.027,351.823,243.0,90.5
2026-09-03T18:12:57.130,351.925,224.3,90.5
2026-09-03T18:12:57.234,352.030,203.5,90.5
2026-09-03T18:12:57.321,352.117,185.4,90.5
2026-09-03T18:12:57.426,352.222,174.8,90.5
2026-09-03T18:12:57.547,352.342,174.0,90.5
2026-09-03T18:12:57.629,352.425,186.1,90.5
2026-09-03T18:12:57.748,352.544,201.3,90.5
2026-09-03T18:12:57.846,352.642,215.9,90.5
2026-09-03T18:12:57.955,352.750,235.3,90.5
2026-09-03T18:12:58.036,352.832,252.3,90.5
2026-09-03T18:12:58.139,352.934,269.8,90.5
2026-09-03T18:12:58.245,353.041,288.0,90.5
2026-09-03T18:12:58.343,353.138,308.0,90.5
2026-09-03T18:12:58.432,353.228,328.6,90.5
2026-09-03T18:12:58.537,353.332,350.6,90.5
2026-09-03T18:12:58.623,353.418,360.0,90.5
2026-09-03T18:12:58.739,353.534,360.0,90.5
2026-09-03T18:12:58.824,353.619,360.0,90.5
2026-09-03T18:12:58.956,353.751,360.0,90.5
2026-09-03T18:12:59.023,353.819,360.0,90.5
2026-09-03T18:12:59.126,353.922,360.0,90.5
2026-09-03T18:12:59.229,354.025,360.0,90.5
2026-09-03T18:12:59.364,354.159,360.0,90.5
2026-09-03T18:12:59.444,354.240,360.0,90.5
2026-09-03T18:12:59.540,354.336,360.0,90.5
2026-09-03T18:12:59.633,354.428,360.0,90.5
2026-09-03T18:12:59.742,354.537,338.0,90.5
2026-09-03T18:12:59.815,354.611,308.8,90.5
2026-09-03T18:12:59.924,354.720,278.0,90.5
2026-09-03T18:13:00.028,354.824,254.3,90.5
2026-09-03T18:13:00.144,354.940,235.1,90.5
2026-09-03T18:13:00.233,355.029,223.2,90.5
2026-09-03T18:13:00.344,355.139,219.7,90.5
2026-09-03T18:13:00.439,355.235,219.9,90.5
2026-09-03T18:13:00.534,355.330,216.9,90.5
2026-09-03T18:13:00.650,355.446,215.7,90.5
2026-09-03T18:13:00.732,355.528,219.2,90.5
2026-09-03T18:13:00.826,355.621,217.3,90.4
2026-09-03T18:13:00.948,355.744,217.3,90.5
2026-09-03T18:13:01.038,355.833,218.6,90.5
2026-09-03T18:13:01.122,355.917,217.4,90.5
2026-09-03T18:13:01.221,356.017,215.6,89.9
2026-09-03T18:13:01.354,356.149,221.1,84.6
2026-09-03T18:13:01.426,356.221,217.4,70.9
2026-09-03T18:13:01.542,356.338,219.6,31.2
2026-09-03T18:13:01.622,356.417,218.0,25.6
2026-09-03T18:13:01.718,356.513,220.8,25.5
2026-09-03T18:13:01.822,356.617,218.5,38.5
2026-09-03T18:13:01.923,356.718,217.9,32.9
2026-09-03T18:13:02.025,356.820,217.3,356.3
2026-09-03T18:13:02.136,356.932,218.5,336.6
2026-09-03T18:13:02.230,357.025,220.0,337.6
2026-09-03T18:13:02.336,357.131,218.5,345.2
2026-09-03T18:13:02.444,357.240,218.9,352.3
2026-09-03T18:13:02.528,357.323,217.5,352.4
2026-09-03T18:13:02.654,357.450,216.8,352.4
2026-09-03T18:13:02.731,357.526,217.0,352.0
2026-09-03T18:13:02.840,357.635,216.1,352.0
2026-09-03T18:13:02.950,357.746,216.2,352.0
2026-09-03T18:13:03.037,357.833,217.3,352.0
2026-09-03T18:13:03.151,357.946,219.4,352.0
2026-09-03T18:13:03.232,358.027,217.7,352.0
2026-09-03T18:13:03.325,358.121,217.4,352.0
2026-09-03T18:13:03.454,358.250,218.1,352.0
2026-09-03T18:13:03.561,358.356,216.4,352.0
2026-09-03T18:13:03.621,358.416,216.6,352.0
2026-09-03T18:13:03.728,358.524,218.8,352.0
2026-09-03T18:13:03.853,358.648,215.9,352.0
2026-09-03T18:13:03.915,358.711,219.7,352.0
2026-09-03T18:13:04.040,358.835,217.2,352.0
2026-09-03T18:13:04.119,358.915,219.8,352.0
2026-09-03T18:13:04.222,359.018,219.3,352.0
2026-09-03T18:13:04.338,359.133,217.3,352.0
2026-09-03T18:13:04.413,359.208,217.0,352.0
2026-09-03T18:13:04.538,359.334,217.4,352.0
2026-09-03T18:13:04.619,359.415,216.8,352.0
2026-09-03T18:13:04.731,359.526,218.8,352.0
2026-09-03T18:13:04.829,359.625,217.3,352.0
2026-09-03T18:13:04.943,359.738,218.5,352.0
2026-09-03T18:13:05.026,359.821,218.5,352.0
2026-09-03T18:13:05.130,359.926,219.6,352.0
2026-09-03T18:13:05.230,360.026,216.4,352.0
2026-09-03T18:13:05.349,360.144,218.2,352.0
2026-09-03T18:13:05.433,360.229,218.0,352.0
2026-09-03T18:13:05.533,360.329,219.6,352.0
2026-09-03T18:13:05.619,360.414,217.6,352.0
2026-09-03T18:13:05.739,360.535,217.3,352.0
2026-09-03T18:13:05.820,360.615,217.3,352.0
2026-09-03T18:13:05.931,360.726,220.0,352.0
2026-09-03T18:13:06.031,360.826,219.6,352.0
2026-09-03T18:13:06.150,360.946,218.5,352.0
2026-09-03T18:13:06.220,361.015,217.3,352.0
2026-09-03T18:13:06.352,361.147,218.0,352.0
2026-09-03T18:13:06.439,361.234,218.9,352.0
2026-09-03T18:13:06.528,361.323,213.8,352.0
2026-09-03T18:13:06.628,361.424,218.1,352.0
2026-09-03T18:13:06.738,361.533,221.1,352.0
2026-09-03T18:13:06.871,361.667,218.6,352.0
2026-09-03T18:13:06.930,361.726,220.5,352.0
2026-09-03T18:13:07.035,361.831,217.9,352.0
2026-09-03T18:13:07.137,361.932,215.8,352.0
2026-09-03T18:13:07.237,362.033,218.1,352.0
2026-09-03T18:13:07.334,362.130,220.1,352.0
2026-09-03T18:13:07.415,362.211,217.3,352.0
2026-09-03T18:13:07.522,362.317,217.9,352.0
2026-09-03T18:13:07.634,362.429,219.4,352.0
2026-09-03T18:13:07.724,362.519,220.8,352.0
2026-09-03T18:13:07.825,362.620,216.2,352.0
2026-09-03T18:13:07.939,362.734,220.4,352.0
2026-09-03T18:13:08.018,362.813,220.8,352.0
2026-09-03T18:13:08.122,362.917,215.9,352.0
